lemme,cgram,genre,nombre,freqfilms2,freqlivres,overall_freq
ne,ADV,,,22287.84,13841.89,36129.73
pas,ADV,,,18188.15,8795.14,26983.29
plus,ADV,,,4062.45,5014.53,9076.98
bien,ADV,,,4213.78,2535.14,6748.92
là,ADV,,,2096.53,1089.66,3186.19
si,ADV,,,2107.14,924.93,3032.07
ici,ADV,,,2411.21,483.58,2894.79
alors,ADV,,,1777.65,1033.78,2811.43
aussi,ADV,,,1402.33,1359.86,2762.19
encore,ADV,,,1176.94,1579.05,2755.99
très,ADV,,,1589.92,1120.81,2710.73
tout,ADV,,,1058.64,1639.19,2697.83
jamais,ADV,,,1360.22,1122.97,2483.19
même,ADV,,,907.69,1358.65,2266.34
toujours,ADV,,,1072.36,1093.78,2166.14
trop,ADV,,,859.54,790.0,1649.54
peut-être,ADV,,,907.68,697.97,1605.65
maintenant,ADV,,,1028.86,496.76,1525.62
déjà,ADV,,,681.89,702.23,1384.12
vraiment,ADV,,,968.57,274.32,1242.89
moins,ADV,,,478.75,718.18,1196.93
comment,ADV,,,922.93,164.93,1087.86
beaucoup,ADV,,,626.0,461.42,1087.42
mieux,ADV,,,651.73,398.38,1050.11
comme,ADV,,,577.64,365.68,943.32
vite,ADV,,,491.64,351.89,843.53
assez,ADV,,,407.75,420.14,827.89
tant,ADV,,,380.34,436.42,816.76
peu,ADV,,,250.97,563.58,814.55
mal,ADV,,,453.95,349.46,803.41
enfin,ADV,,,265.83,440.27,706.1
loin,ADV,,,248.34,452.36,700.7
tard,ADV,,,350.38,344.26,694.64
seulement,ADV,,,279.25,397.97,677.22
ainsi,ADV,,,207.68,469.46,677.14
presque,ADV,,,181.81,465.54,647.35
longtemps,ADV,,,290.36,335.54,625.9
demain,ADV,,,425.85,134.12,559.97
aujourd'hui,ADV,,,360.17,158.24,518.41
combien,ADV,,,390.58,108.04,498.62
plutôt,ADV,,,210.4,280.74,491.14
ailleurs,ADV,,,128.74,346.35,475.09
pourtant,ADV,,,95.8,375.68,471.48
autour,ADV,,,87.02,361.55,448.57
parfois,ADV,,,152.86,287.36,440.22
surtout,ADV,,,148.66,291.49,440.15
souvent,ADV,,,135.54,286.96,422.5
puis,ADV,,,129.11,272.77,401.88
ensemble,ADV,,,253.47,145.07,398.54
autant,ADV,,,152.16,240.41,392.57
en,ADV,,,172.75,212.09,384.84
fort,ADV,,,171.91,212.77,384.68
là-bas,ADV,,,263.15,117.7,380.85
juste,ADV,,,252.71,109.46,362.17
bientôt,ADV,,,184.96,169.59,354.55
tellement,ADV,,,183.7,168.51,352.21
d'abord,ADV,,,175.45,169.32,344.77
avant,ADV,,,224.38,117.7,342.08
après,ADV,,,193.68,137.23,330.91
partout,ADV,,,141.94,179.39,321.33
hier,ADV,,,223.77,92.64,316.41
ensuite,ADV,,,127.92,169.19,297.11
dehors,ADV,,,180.79,109.05,289.84
depuis,ADV,,,147.19,114.05,261.24
tôt,ADV,,,129.98,126.76,256.74
debout,ADV,,,91.81,158.85,250.66
exactement,ADV,,,144.62,92.36,236.98
près,ADV,,,79.53,156.96,236.49
doucement,ADV,,,103.81,128.38,232.19
soudain,ADV,,,21.16,207.3,228.46
au-dessus,ADV,,,43.95,176.35,220.3
simplement,ADV,,,84.76,134.32,219.08
sûrement,ADV,,,133.67,74.12,207.79
aussitôt,ADV,,,13.52,189.93,203.45
complètement,ADV,,,105.33,81.49,186.82
lentement,ADV,,,26.48,156.55,183.03
quelque,ADV,,,62.61,111.49,174.1
dessus,ADV,,,111.19,57.57,168.76
cependant,ADV,,,20.07,139.73,159.8
derrière,ADV,,,73.39,84.32,157.71
absolument,ADV,,,89.79,63.45,153.24
devant,ADV,,,59.06,81.22,140.28
justement,ADV,,,62.08,78.18,140.26
haut,ADV,,,41.32,90.27,131.59
guère,ADV,,,17.02,110.68,127.7
désormais,ADV,,,39.13,88.45,127.58
davantage,ADV,,,29.56,97.84,127.4
autrefois,ADV,,,26.89,96.96,123.85
parfaitement,ADV,,,45.48,71.08,116.56
évidemment,ADV,,,28.23,88.11,116.34
brusquement,ADV,,,4.88,111.42,116.3
dedans,ADV,,,76.55,39.46,116.01
certainement,ADV,,,55.16,59.93,115.09
bon,ADV,,,66.93,45.54,112.47
là-haut,ADV,,,67.78,42.7,110.48
point,ADV,,,34.8,74.39,109.19
probablement,ADV,,,69.41,37.64,107.05
lors,ADV,,,35.79,70.27,106.06
finalement,ADV,,,45.89,58.92,104.81
également,ADV,,,32.19,71.01,103.2
autrement,ADV,,,40.16,62.77,102.93
immédiatement,ADV,,,56.35,42.64,98.99
là-dedans,ADV,,,74.0,23.58,97.58
naturellement,ADV,,,21.05,71.96,93.01
heureusement,ADV,,,39.78,51.35,91.13
rapidement,ADV,,,26.49,62.64,89.13
certes,ADV,,,14.88,69.66,84.54
environ,ADV,,,55.55,27.43,82.98
chaud,ADV,,,39.06,41.76,80.82
marre,ADV,,,57.48,20.68,78.16
au-delà,ADV,,,21.77,52.91,74.68
apparemment,ADV,,,43.08,29.53,72.61
tantôt,ADV,,,5.62,66.76,72.38
quelquefois,ADV,,,11.87,60.47,72.34
légèrement,ADV,,,6.35,65.2,71.55
pis,ADV,,,30.15,37.16,67.31
directement,ADV,,,26.73,39.12,65.85
facilement,ADV,,,26.85,37.03,63.88
jadis,ADV,,,11.55,52.3,63.85
là-dessus,ADV,,,30.89,32.5,63.39
droit,ADV,,,31.48,31.89,63.37
franchement,ADV,,,35.09,28.24,63.33
longuement,ADV,,,3.71,58.45,62.16
sérieusement,ADV,,,39.34,21.76,61.1
bref,ADV,,,22.26,38.78,61.04
volontiers,ADV,,,19.41,40.61,60.02
demi,ADV,,,2.36,55.2,57.56
entièrement,ADV,,,17.17,39.93,57.1
bas,ADV,,,26.18,30.34,56.52
vaguement,ADV,,,4.72,51.76,56.48
malheureusement,ADV,,,35.35,21.08,56.43
auparavant,ADV,,,14.11,41.62,55.73
cher,ADV,,,34.7,20.27,54.97
profondément,ADV,,,19.0,34.59,53.59
forcément,ADV,,,24.23,29.12,53.35
c'est-à-dire,ADV,,,0.0,51.96,51.96
particulièrement,ADV,,,14.78,36.62,51.4
totalement,ADV,,,28.62,22.16,50.78
précisément,ADV,,,12.8,34.8,47.6
uniquement,ADV,,,21.86,24.66,46.52
rarement,ADV,,,14.05,31.62,45.67
réellement,ADV,,,18.27,26.62,44.89
toutefois,ADV,,,5.37,35.47,40.84
tranquillement,ADV,,,13.26,26.82,40.08
suffisamment,ADV,,,18.3,20.07,38.37
soigneusement,ADV,,,3.52,34.39,37.91
petit,ADV,,,12.3,25.41,37.71
jusque-là,ADV,,,7.81,29.53,37.34
clairement,ADV,,,18.75,18.18,36.93
récemment,ADV,,,21.07,15.07,36.14
vivement,ADV,,,5.85,29.86,35.71
drôlement,ADV,,,10.79,24.86,35.65
décidément,ADV,,,3.88,30.81,34.69
régulièrement,ADV,,,5.72,27.77,33.49
personnellement,ADV,,,18.39,14.93,33.32
gentiment,ADV,,,11.32,21.76,33.08
définitivement,ADV,,,9.34,23.51,32.85
normalement,ADV,,,20.37,12.43,32.8
largement,ADV,,,5.98,26.76,32.74
beau,ADV,,,17.91,14.46,32.37
pratiquement,ADV,,,14.68,17.03,31.71
extrêmement,ADV,,,14.69,16.96,31.65
moitié,ADV,,,9.2,22.16,31.36
visiblement,ADV,,,6.94,23.99,30.93
effectivement,ADV,,,13.57,16.28,29.85
çà,ADV,,,7.78,21.15,28.93
dessous,ADV,,,11.01,17.5,28.51
actuellement,ADV,,,11.39,16.69,28.08
infiniment,ADV,,,10.29,17.43,27.72
au-dessous,ADV,,,2.98,24.59,27.57
vachement,ADV,,,15.74,11.82,27.56
sincèrement,ADV,,,13.58,13.11,26.69
carrément,ADV,,,9.99,16.55,26.54
court,ADV,,,7.24,19.26,26.5
terriblement,ADV,,,11.88,14.53,26.41
gravement,ADV,,,6.43,19.73,26.16
brutalement,ADV,,,2.89,23.11,26.0
discrètement,ADV,,,5.82,19.73,25.55
naguère,ADV,,,1.16,23.72,24.88
généralement,ADV,,,7.79,16.89,24.68
spécialement,ADV,,,9.6,14.8,24.4
voire,ADV,,,7.42,16.89,24.31
constamment,ADV,,,8.18,15.68,23.86
violemment,ADV,,,2.8,20.88,23.68
nettement,ADV,,,3.17,20.34,23.51
net,ADV,,,3.89,19.32,23.21
machinalement,ADV,,,0.39,22.77,23.16
sitôt,ADV,,,3.59,19.12,22.71
notamment,ADV,,,2.2,20.2,22.4
proprement,ADV,,,4.54,16.22,20.76
énormément,ADV,,,12.27,8.38,20.65
attentivement,ADV,,,8.38,11.82,20.2
quasi,ADV,,,2.69,17.36,20.05
fortement,ADV,,,4.25,15.68,19.93
subitement,ADV,,,4.39,15.54,19.93
librement,ADV,,,6.8,12.84,19.64
contrairement,ADV,,,8.79,10.41,19.2
calmement,ADV,,,6.74,12.43,19.17
bizarrement,ADV,,,7.12,11.82,18.94
gaiement,ADV,,,2.58,16.22,18.8
soit,ADV,,,9.02,9.73,18.75
étrangement,ADV,,,3.85,14.86,18.71
après-demain,ADV,,,11.77,6.76,18.53
silencieusement,ADV,,,0.99,17.16,18.15
éternellement,ADV,,,8.01,9.93,17.94
officiellement,ADV,,,10.41,7.36,17.77
sur-le-champ,ADV,,,6.79,10.95,17.74
faiblement,ADV,,,0.65,16.89,17.54
physiquement,ADV,,,8.72,8.72,17.44
honnêtement,ADV,,,12.06,4.73,16.79
difficilement,ADV,,,3.72,13.04,16.76
néanmoins,ADV,,,4.95,11.69,16.64
correctement,ADV,,,11.08,5.41,16.49
delà,ADV,,,3.73,12.7,16.43
tendrement,ADV,,,3.42,12.84,16.26
durement,ADV,,,3.27,12.97,16.24
secrètement,ADV,,,3.2,13.04,16.24
littéralement,ADV,,,5.27,10.95,16.22
bêtement,ADV,,,4.56,11.28,15.84
nullement,ADV,,,1.45,14.19,15.64
avant-hier,ADV,,,6.69,8.78,15.47
désespérément,ADV,,,4.08,10.81,14.89
curieusement,ADV,,,1.9,12.84,14.74
quasiment,ADV,,,7.66,6.62,14.28
aisément,ADV,,,2.51,11.69,14.2
dorénavant,ADV,,,7.2,6.89,14.09
ci,ADV,,,10.23,3.65,13.88
grand,ADV,,,7.99,5.81,13.8
précédemment,ADV,,,11.48,2.16,13.64
distraitement,ADV,,,0.11,13.51,13.62
assurément,ADV,,,3.19,10.41,13.6
tristement,ADV,,,1.67,11.82,13.49
purement,ADV,,,3.99,9.32,13.31
indéfiniment,ADV,,,2.08,11.22,13.3
poliment,ADV,,,3.29,10.0,13.29
relativement,ADV,,,4.48,8.65,13.13
patiemment,ADV,,,1.75,11.15,12.9
successivement,ADV,,,0.32,12.57,12.89
strictement,ADV,,,4.95,7.91,12.86
volontairement,ADV,,,3.59,9.12,12.71
fermement,ADV,,,2.6,10.07,12.67
différemment,ADV,,,8.46,4.19,12.65
vainement,ADV,,,0.55,12.09,12.64
prudemment,ADV,,,2.76,9.86,12.62
dernièrement,ADV,,,11.24,1.35,12.59
manifestement,ADV,,,5.79,6.76,12.55
soudainement,ADV,,,6.98,5.54,12.52
rudement,ADV,,,2.42,10.07,12.49
exclusivement,ADV,,,2.05,10.34,12.39
au-dehors,ADV,,,0.91,11.42,12.33
étroitement,ADV,,,1.51,10.81,12.32
par-ci,ADV,,,3.1,9.12,12.22
au-devant,ADV,,,0.98,11.08,12.06
entre-temps,ADV,,,4.04,7.97,12.01
sèchement,ADV,,,0.35,11.55,11.9
mollement,ADV,,,0.33,11.55,11.88
sagement,ADV,,,2.39,9.46,11.85
délicatement,ADV,,,1.48,10.34,11.82
doux,ADV,,,9.77,2.03,11.8
péniblement,ADV,,,0.74,11.01,11.75
habituellement,ADV,,,4.02,7.7,11.72
bruyamment,ADV,,,0.95,10.54,11.49
là-dessous,ADV,,,7.12,4.32,11.44
timidement,ADV,,,0.1,11.22,11.32
outre,ADV,,,1.27,10.0,11.27
paisiblement,ADV,,,2.1,9.12,11.22
pleinement,ADV,,,3.44,7.77,11.21
précipitamment,ADV,,,0.99,10.14,11.13
instinctivement,ADV,,,1.5,9.46,10.96
nécessairement,ADV,,,3.31,7.64,10.95
fixement,ADV,,,1.89,8.92,10.81
solidement,ADV,,,0.81,10.0,10.81
mentalement,ADV,,,4.37,6.42,10.79
passionnément,ADV,,,1.38,9.39,10.77
obstinément,ADV,,,0.48,10.27,10.75
merveilleusement,ADV,,,3.63,7.03,10.66
quoique,ADV,,,1.17,9.46,10.63
follement,ADV,,,4.15,6.42,10.57
alentour,ADV,,,1.63,8.92,10.55
joyeusement,ADV,,,1.14,9.39,10.53
insensiblement,ADV,,,0.1,10.41,10.51
exprès,ADV,,,3.19,7.23,10.42
faux,ADV,,,7.61,2.7,10.31
raide,ADV,,,3.39,6.82,10.21
ter,ADV,,,0.72,9.46,10.18
cruellement,ADV,,,1.46,8.65,10.11
incroyablement,ADV,,,5.55,4.53,10.08
publiquement,ADV,,,2.47,7.57,10.04
confusément,ADV,,,0.03,10.0,10.03
froidement,ADV,,,0.94,9.05,9.99
inlassablement,ADV,,,0.38,9.59,9.97
imperceptiblement,ADV,,,0.14,9.73,9.87
maladroitement,ADV,,,0.27,9.59,9.86
instantanément,ADV,,,2.15,7.57,9.72
principalement,ADV,,,3.6,6.08,9.68
progressivement,ADV,,,1.44,8.24,9.68
d'emblée,ADV,,,1.31,8.31,9.62
hautement,ADV,,,4.83,4.73,9.56
fraîchement,ADV,,,1.17,8.31,9.48
ouvertement,ADV,,,2.5,6.96,9.46
spontanément,ADV,,,1.35,8.11,9.46
intensément,ADV,,,0.87,8.58,9.45
fréquemment,ADV,,,1.16,8.24,9.4
à tâtons,ADV,,,0.6,8.78,9.38
provisoirement,ADV,,,1.52,7.84,9.36
illico,ADV,,,2.19,7.16,9.35
pareil,ADV,,,6.63,2.7,9.33
alias,ADV,,,5.45,3.85,9.3
gratuitement,ADV,,,6.37,2.91,9.28
moralement,ADV,,,1.98,7.3,9.28
fièrement,ADV,,,1.45,7.64,9.09
extraordinairement,ADV,,,0.46,8.51,8.97
affreusement,ADV,,,3.13,5.61,8.74
singulièrement,ADV,,,0.13,8.58,8.71
délibérément,ADV,,,3.11,5.47,8.58
faussement,ADV,,,0.66,7.91,8.57
sévèrement,ADV,,,2.46,6.08,8.54
négligemment,ADV,,,0.04,8.45,8.49
posément,ADV,,,0.1,8.38,8.48
méchamment,ADV,,,2.04,6.42,8.46
mystérieusement,ADV,,,1.63,6.82,8.45
éventuellement,ADV,,,2.49,5.81,8.3
salement,ADV,,,2.28,6.01,8.29
inconsciemment,ADV,,,2.0,6.28,8.28
convenablement,ADV,,,2.02,6.22,8.24
distinctement,ADV,,,1.48,6.76,8.24
pêle-mêle,ADV,,,0.0,8.24,8.24
essentiellement,ADV,,,1.65,6.55,8.2
furieusement,ADV,,,0.87,7.3,8.17
sacrément,ADV,,,6.01,2.16,8.17
brièvement,ADV,,,1.92,6.22,8.14
dangereusement,ADV,,,2.13,5.88,8.01
mutuellement,ADV,,,3.4,4.59,7.99
solennellement,ADV,,,1.77,6.15,7.92
véritablement,ADV,,,2.03,5.88,7.91
cash,ADV,,,7.25,0.61,7.86
séparément,ADV,,,4.01,3.78,7.79
horriblement,ADV,,,3.23,4.53,7.76
sauvagement,ADV,,,1.48,6.28,7.76
nerveusement,ADV,,,0.38,7.36,7.74
hyper,ADV,,,6.66,0.95,7.61
joliment,ADV,,,2.19,5.41,7.6
out,ADV,,,6.86,0.68,7.54
mollo,ADV,,,5.23,2.3,7.53
gratis,ADV,,,4.39,3.11,7.5
conformément,ADV,,,3.09,4.26,7.35
intérieurement,ADV,,,1.29,6.01,7.3
premièrement,ADV,,,5.51,1.76,7.27
à l'improviste,ADV,,,2.67,4.53,7.2
légalement,ADV,,,5.09,2.03,7.12
simultanément,ADV,,,1.29,5.81,7.1
vraisemblablement,ADV,,,1.39,5.68,7.07
techniquement,ADV,,,6.42,0.61,7.03
obscurément,ADV,,,0.01,6.96,6.97
finement,ADV,,,1.03,5.88,6.91
aucunement,ADV,,,1.01,5.81,6.82
aux aguets,ADV,,,0.87,5.88,6.75
contrebas,ADV,,,0.23,6.49,6.72
éperdument,ADV,,,1.01,5.68,6.69
ardemment,ADV,,,1.39,5.2,6.59
franco,ADV,,,3.87,2.7,6.57
ici-bas,ADV,,,3.58,2.97,6.55
sourdement,ADV,,,0.0,6.55,6.55
douloureusement,ADV,,,1.0,5.54,6.54
inutilement,ADV,,,1.83,4.66,6.49
momentanément,ADV,,,1.29,5.2,6.49
continuellement,ADV,,,1.67,4.8,6.47
automatiquement,ADV,,,2.61,3.85,6.46
avidement,ADV,,,0.38,6.08,6.46
rebours,ADV,,,3.52,2.91,6.43
généreusement,ADV,,,1.81,4.53,6.34
naïvement,ADV,,,0.27,6.01,6.28
primo,ADV,,,4.1,2.16,6.26
sus,ADV,,,2.57,3.65,6.22
furtivement,ADV,,,1.13,5.07,6.2
alternativement,ADV,,,0.16,5.88,6.04
bonnement,ADV,,,1.37,4.66,6.03
grossièrement,ADV,,,0.61,5.41,6.02
formellement,ADV,,,1.48,4.53,6.01
humblement,ADV,,,2.26,3.65,5.91
stupidement,ADV,,,0.82,5.07,5.89
miraculeusement,ADV,,,1.34,4.53,5.87
amèrement,ADV,,,0.63,5.2,5.83
délicieusement,ADV,,,0.52,5.27,5.79
au-dedans,ADV,,,0.92,4.86,5.78
habilement,ADV,,,0.58,5.2,5.78
quotidiennement,ADV,,,0.97,4.8,5.77
résolument,ADV,,,0.39,5.34,5.73
hâtivement,ADV,,,0.12,5.54,5.66
fidèlement,ADV,,,1.12,4.53,5.65
rageusement,ADV,,,0.03,5.61,5.64
doublement,ADV,,,1.36,4.26,5.62
docilement,ADV,,,0.07,5.54,5.61
arrière,ADV,,,4.17,1.42,5.59
fatalement,ADV,,,0.44,5.07,5.51
invariablement,ADV,,,0.64,4.86,5.5
politiquement,ADV,,,2.73,2.77,5.5
sexuellement,ADV,,,4.61,0.88,5.49
minutieusement,ADV,,,0.74,4.73,5.47
deuxièmement,ADV,,,4.58,0.88,5.46
atrocement,ADV,,,2.27,3.18,5.45
admirablement,ADV,,,0.71,4.73,5.44
systématiquement,ADV,,,1.25,4.19,5.44
considérablement,ADV,,,1.0,4.39,5.39
interminablement,ADV,,,0.05,5.34,5.39
irrémédiablement,ADV,,,1.12,4.19,5.31
dignement,ADV,,,1.8,3.51,5.31
à jeun,ADV,,,1.45,3.85,5.3
pareillement,ADV,,,1.57,3.72,5.29
théoriquement,ADV,,,2.58,2.7,5.28
amicalement,ADV,,,1.15,4.12,5.27
abondamment,ADV,,,0.3,4.93,5.23
exceptionnellement,ADV,,,1.03,4.19,5.22
mortellement,ADV,,,2.03,3.18,5.21
pensivement,ADV,,,0.01,5.2,5.21
impunément,ADV,,,1.9,3.24,5.14
consciencieusement,ADV,,,0.25,4.86,5.11
grand-peine,ADV,,,0.25,4.86,5.11
intimement,ADV,,,0.84,4.26,5.1
fissa,ADV,,,1.84,3.24,5.08
présentement,ADV,,,1.27,3.78,5.05
étonnamment,ADV,,,1.01,3.99,5.0
rigoureusement,ADV,,,0.23,4.73,4.96
outre-mer,ADV,,,0.89,4.05,4.94
pesamment,ADV,,,0.0,4.93,4.93
perpétuellement,ADV,,,0.26,4.66,4.92
sournoisement,ADV,,,0.12,4.8,4.92
modestement,ADV,,,0.52,4.39,4.91
dûment,ADV,,,0.55,4.32,4.87
savamment,ADV,,,0.03,4.8,4.83
irrésistiblement,ADV,,,0.14,4.66,4.8
confortablement,ADV,,,1.54,3.24,4.78
fébrilement,ADV,,,0.24,4.53,4.77
ostensiblement,ADV,,,0.04,4.66,4.7
activement,ADV,,,1.18,3.51,4.69
positivement,ADV,,,1.58,3.11,4.69
respectueusement,ADV,,,0.79,3.85,4.64
radicalement,ADV,,,0.99,3.65,4.64
califourchon,ADV,,,0.44,4.19,4.63
gratos,ADV,,,3.94,0.68,4.62
aveuglément,ADV,,,1.3,3.31,4.61
fin,ADV,,,2.96,1.62,4.58
logiquement,ADV,,,1.33,3.24,4.57
inévitablement,ADV,,,1.02,3.51,4.53
idem,ADV,,,1.86,2.64,4.5
affectueusement,ADV,,,1.11,3.38,4.49
couramment,ADV,,,1.38,3.11,4.49
vigoureusement,ADV,,,0.55,3.92,4.47
parce,ADV,,,3.49,0.95,4.44
grandement,ADV,,,1.59,2.84,4.43
respectivement,ADV,,,0.16,4.26,4.42
aimablement,ADV,,,0.52,3.85,4.37
bravement,ADV,,,0.59,3.78,4.37
méthodiquement,ADV,,,0.09,4.26,4.35
clandestinement,ADV,,,1.48,2.84,4.32
prodigieusement,ADV,,,0.67,3.65,4.32
farouchement,ADV,,,0.26,4.05,4.31
agréablement,ADV,,,0.63,3.65,4.28
démesurément,ADV,,,0.09,4.19,4.28
gros,ADV,,,3.39,0.88,4.27
excessivement,ADV,,,1.14,3.11,4.25
inexorablement,ADV,,,0.33,3.92,4.25
incognito,ADV,,,1.87,2.36,4.23
passablement,ADV,,,0.51,3.72,4.23
accidentellement,ADV,,,3.39,0.81,4.2
magnifiquement,ADV,,,1.43,2.77,4.2
obligatoirement,ADV,,,1.13,3.04,4.17
prestement,ADV,,,0.09,4.05,4.14
lerche,ADV,,,0.0,4.12,4.12
uniformément,ADV,,,0.06,4.05,4.11
courageusement,ADV,,,0.61,3.45,4.06
incessamment,ADV,,,0.48,3.58,4.06
please,ADV,,,3.18,0.88,4.06
lâchement,ADV,,,1.07,2.97,4.04
indépendamment,ADV,,,0.55,3.45,4.0
paradoxalement,ADV,,,0.22,3.78,4.0
partiellement,ADV,,,1.03,2.97,4.0
énergiquement,ADV,,,0.35,3.65,4.0
absurdement,ADV,,,0.14,3.72,3.86
puissamment,ADV,,,0.06,3.78,3.84
religieusement,ADV,,,0.8,3.04,3.84
innocemment,ADV,,,0.64,3.18,3.82
typiquement,ADV,,,1.86,1.96,3.82
injustement,ADV,,,1.58,2.23,3.81
intégralement,ADV,,,0.57,3.24,3.81
mécaniquement,ADV,,,0.12,3.65,3.77
involontairement,ADV,,,0.57,3.18,3.75
précautionneusement,ADV,,,0.01,3.72,3.73
à_tue-tête,ADV,,,0.0,3.72,3.72
ironiquement,ADV,,,0.95,2.77,3.72
chaudement,ADV,,,1.07,2.64,3.71
réciproquement,ADV,,,0.26,3.45,3.71
sensiblement,ADV,,,0.13,3.58,3.71
parallèlement,ADV,,,0.2,3.45,3.65
exagérément,ADV,,,0.26,3.38,3.64
prochainement,ADV,,,0.86,2.77,3.63
indirectement,ADV,,,1.05,2.57,3.62
scrupuleusement,ADV,,,0.56,3.04,3.6
approximativement,ADV,,,1.64,1.96,3.6
férocement,ADV,,,0.62,2.97,3.59
temporairement,ADV,,,2.64,0.95,3.59
traditionnellement,ADV,,,0.34,3.24,3.58
gauchement,ADV,,,0.1,3.45,3.55
rêveusement,ADV,,,0.1,3.45,3.55
décemment,ADV,,,0.96,2.57,3.53
par mégarde,ADV,,,0.61,2.91,3.52
pieusement,ADV,,,0.41,3.11,3.52
indifféremment,ADV,,,0.06,3.45,3.51
moult,ADV,,,0.33,3.18,3.51
quand,ADV,,,2.81,0.68,3.49
est-ce qu,ADV,,,3.41,0.07,3.48
verticalement,ADV,,,0.17,3.31,3.48
jalousement,ADV,,,0.95,2.5,3.45
mauvais,ADV,,,2.77,0.68,3.45
inexplicablement,ADV,,,0.23,3.18,3.41
triomphalement,ADV,,,0.03,3.38,3.41
raisonnablement,ADV,,,1.03,2.36,3.39
matériellement,ADV,,,0.31,3.04,3.35
périodiquement,ADV,,,0.17,3.18,3.35
chaleureusement,ADV,,,1.46,1.89,3.35
immanquablement,ADV,,,0.1,3.24,3.34
scientifiquement,ADV,,,2.22,1.08,3.3
impatiemment,ADV,,,0.79,2.5,3.29
noblement,ADV,,,0.58,2.7,3.28
consciemment,ADV,,,0.92,2.36,3.28
à l'aveuglette,ADV,,,1.11,2.16,3.27
derechef,ADV,,,0.01,3.24,3.25
prématurément,ADV,,,1.22,2.03,3.25
deçà,ADV,,,0.27,2.97,3.24
gracieusement,ADV,,,0.54,2.7,3.24
vaillamment,ADV,,,0.6,2.64,3.24
âprement,ADV,,,0.13,3.11,3.24
frénétiquement,ADV,,,0.26,2.97,3.23
grièvement,ADV,,,1.68,1.55,3.23
complaisamment,ADV,,,0.01,3.18,3.19
concrètement,ADV,,,2.04,1.15,3.19
brillamment,ADV,,,0.88,2.3,3.18
fondamentalement,ADV,,,2.03,1.15,3.18
amplement,ADV,,,1.33,1.82,3.15
voluptueusement,ADV,,,0.01,3.11,3.12
inversement,ADV,,,0.47,2.64,3.11
promptement,ADV,,,0.35,2.7,3.05
communément,ADV,,,0.54,2.5,3.04
nada,ADV,,,2.63,0.41,3.04
honteusement,ADV,,,0.58,2.43,3.01
mais,ADV,,,1.45,1.55,3.0
multi,ADV,,,2.37,0.61,2.98
paresseusement,ADV,,,0.01,2.97,2.98
perpète,ADV,,,1.46,1.49,2.95
méticuleusement,ADV,,,0.37,2.57,2.94
superbement,ADV,,,0.3,2.64,2.94
ordinairement,ADV,,,0.21,2.7,2.91
efficacement,ADV,,,0.67,2.23,2.9
remarquablement,ADV,,,0.99,1.89,2.88
ridiculement,ADV,,,0.3,2.57,2.87
goulûment,ADV,,,0.14,2.7,2.84
hardiment,ADV,,,1.2,1.62,2.82
adroitement,ADV,,,0.85,1.96,2.81
allégrement,ADV,,,0.03,2.77,2.8
subrepticement,ADV,,,0.15,2.64,2.79
intelligemment,ADV,,,1.28,1.49,2.77
nonchalamment,ADV,,,0.04,2.7,2.74
subtilement,ADV,,,0.44,2.3,2.74
fiévreusement,ADV,,,0.03,2.7,2.73
impeccablement,ADV,,,0.09,2.64,2.73
amoureusement,ADV,,,0.22,2.5,2.72
in extremis,ADV,,,0.07,2.64,2.71
médiocrement,ADV,,,0.28,2.43,2.71
copieusement,ADV,,,0.13,2.57,2.7
incontestablement,ADV,,,0.61,2.09,2.7
immensément,ADV,,,0.39,2.3,2.69
financièrement,ADV,,,2.21,0.47,2.68
de guingois,ADV,,,0.01,2.64,2.65
royalement,ADV,,,0.83,1.82,2.65
sottement,ADV,,,0.33,2.3,2.63
plein,ADV,,,1.81,0.81,2.62
fugitivement,ADV,,,0.0,2.57,2.57
modérément,ADV,,,0.21,2.36,2.57
loco,ADV,,,1.48,1.08,2.56
cordialement,ADV,,,0.72,1.82,2.54
tragiquement,ADV,,,0.58,1.96,2.54
anxieusement,ADV,,,0.17,2.36,2.53
misérablement,ADV,,,0.36,2.16,2.52
secundo,ADV,,,1.64,0.88,2.52
crûment,ADV,,,0.54,1.89,2.43
divinement,ADV,,,1.14,1.28,2.42
rapidos,ADV,,,0.53,1.89,2.42
presto,ADV,,,1.18,1.22,2.4
spécifiquement,ADV,,,1.18,1.22,2.4
ultérieurement,ADV,,,0.37,2.03,2.4
catégoriquement,ADV,,,0.7,1.69,2.39
psycho,ADV,,,2.11,0.27,2.38
allègrement,ADV,,,0.33,2.03,2.36
grosso modo,ADV,,,0.44,1.89,2.33
sommairement,ADV,,,0.13,2.16,2.29
dolce,ADV,,,1.53,0.74,2.27
foncièrement,ADV,,,0.18,2.09,2.27
lamentablement,ADV,,,0.44,1.82,2.26
pertinemment,ADV,,,0.77,1.49,2.26
obliquement,ADV,,,0.02,2.23,2.25
souverainement,ADV,,,0.16,2.09,2.25
familièrement,ADV,,,0.15,2.09,2.24
anormalement,ADV,,,1.08,1.15,2.23
courtoisement,ADV,,,0.27,1.96,2.23
loyalement,ADV,,,0.81,1.42,2.23
objectivement,ADV,,,0.41,1.82,2.23
impitoyablement,ADV,,,0.4,1.82,2.22
indiscutablement,ADV,,,0.25,1.96,2.21
insidieusement,ADV,,,0.04,2.16,2.2
précieusement,ADV,,,0.44,1.76,2.2
pauvrement,ADV,,,0.31,1.89,2.2
nib,ADV,,,0.16,2.03,2.19
individuellement,ADV,,,1.22,0.95,2.17
insolemment,ADV,,,0.14,2.03,2.17
glorieusement,ADV,,,0.34,1.82,2.16
hermétiquement,ADV,,,0.61,1.55,2.16
sombrement,ADV,,,0.12,2.03,2.15
prétendument,ADV,,,0.37,1.76,2.13
itou,ADV,,,0.3,1.82,2.12
élégamment,ADV,,,0.23,1.89,2.12
horizontalement,ADV,,,0.15,1.96,2.11
préalablement,ADV,,,0.08,2.03,2.11
génétiquement,ADV,,,1.9,0.2,2.1
abruptement,ADV,,,0.07,2.03,2.1
infailliblement,ADV,,,0.27,1.82,2.09
bougrement,ADV,,,0.52,1.55,2.07
illégalement,ADV,,,1.87,0.2,2.07
assidûment,ADV,,,0.09,1.96,2.05
plaisamment,ADV,,,0.02,2.03,2.05
pudiquement,ADV,,,0.02,2.03,2.05
explicitement,ADV,,,0.48,1.55,2.03
favorablement,ADV,,,0.47,1.55,2.02
psychologiquement,ADV,,,1.68,0.34,2.02
monstrueusement,ADV,,,0.3,1.69,1.99
socialement,ADV,,,1.04,0.95,1.99
ferme,ADV,,,1.98,0.0,1.98
richement,ADV,,,0.22,1.76,1.98
sciemment,ADV,,,0.48,1.49,1.97
frileusement,ADV,,,0.0,1.96,1.96
honorablement,ADV,,,0.41,1.55,1.96
beuh,ADV,,,1.06,0.88,1.94
made in,ADV,,,1.06,0.88,1.94
troisièmement,ADV,,,1.38,0.54,1.92
artificiellement,ADV,,,0.48,1.42,1.9
rituellement,ADV,,,0.14,1.76,1.9
expressément,ADV,,,0.34,1.55,1.89
nouvellement,ADV,,,0.27,1.62,1.89
tertio,ADV,,,1.08,0.81,1.89
et cetera,ADV,,,1.14,0.74,1.88
professionnellement,ADV,,,1.13,0.74,1.87
dur,ADV,,,1.31,0.54,1.85
foutrement,ADV,,,1.24,0.61,1.85
intentionnellement,ADV,,,1.04,0.81,1.85
hypocritement,ADV,,,0.14,1.69,1.83
inopinément,ADV,,,0.41,1.42,1.83
auprès,ADV,,,0.2,1.62,1.82
mélancoliquement,ADV,,,0.0,1.82,1.82
victorieusement,ADV,,,0.0,1.82,1.82
humainement,ADV,,,0.86,0.95,1.81
tardivement,ADV,,,0.46,1.35,1.81
équitablement,ADV,,,0.46,1.35,1.81
irrégulièrement,ADV,,,0.03,1.76,1.79
cérémonieusement,ADV,,,0.02,1.76,1.78
intellectuellement,ADV,,,0.97,0.81,1.78
bigrement,ADV,,,0.28,1.49,1.77
dare-dare,ADV,,,0.21,1.55,1.76
diablement,ADV,,,0.75,1.01,1.76
initialement,ADV,,,0.27,1.49,1.76
virtuellement,ADV,,,0.6,1.15,1.75
fraternellement,ADV,,,0.11,1.62,1.73
all right,ADV,,,1.53,0.2,1.73
afin,ADV,,,0.76,0.95,1.71
de traviole,ADV,,,0.43,1.28,1.71
impérieusement,ADV,,,0.0,1.69,1.69
officieusement,ADV,,,1.13,0.54,1.67
économiquement,ADV,,,0.72,0.95,1.67
formidablement,ADV,,,0.24,1.42,1.66
laborieusement,ADV,,,0.02,1.62,1.64
médicalement,ADV,,,1.03,0.61,1.64
tacitement,ADV,,,0.01,1.62,1.63
imprudemment,ADV,,,0.34,1.28,1.62
vulgairement,ADV,,,0.4,1.22,1.62
éminemment,ADV,,,0.13,1.49,1.62
et caetera,ADV,,,0.72,0.88,1.6
spirituellement,ADV,,,0.78,0.81,1.59
conjointement,ADV,,,0.23,1.35,1.58
avantageusement,ADV,,,0.16,1.42,1.58
de visu,ADV,,,1.02,0.54,1.56
indistinctement,ADV,,,0.01,1.55,1.56
piteusement,ADV,,,0.14,1.42,1.56
incidemment,ADV,,,0.27,1.28,1.55
sic,ADV,,,0.2,1.35,1.55
souplement,ADV,,,0.0,1.55,1.55
d'ores et déjà,ADV,,,0.26,1.28,1.54
en catimini,ADV,,,0.12,1.42,1.54
est-ce-que,ADV,,,1.34,0.2,1.54
manuellement,ADV,,,1.4,0.14,1.54
émotionnellement,ADV,,,1.53,0.0,1.53
utilement,ADV,,,0.03,1.49,1.52
idéalement,ADV,,,0.28,1.22,1.5
rondement,ADV,,,0.22,1.28,1.5
comiquement,ADV,,,0.14,1.35,1.49
magiquement,ADV,,,0.14,1.35,1.49
orgueilleusement,ADV,,,0.14,1.35,1.49
piano,ADV,,,1.35,0.14,1.49
légitimement,ADV,,,0.27,1.22,1.49
ci-dessus,ADV,,,0.2,1.28,1.48
instamment,ADV,,,0.12,1.35,1.47
effroyablement,ADV,,,0.11,1.35,1.46
anciennement,ADV,,,0.45,1.01,1.46
chichement,ADV,,,0.04,1.42,1.46
historiquement,ADV,,,0.99,0.47,1.46
somptueusement,ADV,,,0.5,0.95,1.45
commodément,ADV,,,0.09,1.35,1.44
rétrospectivement,ADV,,,0.36,1.08,1.44
sec,ADV,,,0.56,0.88,1.44
outrageusement,ADV,,,0.08,1.35,1.43
béatement,ADV,,,0.01,1.42,1.43
jà,ADV,,,1.02,0.41,1.43
aigrement,ADV,,,0.0,1.42,1.42
hargneusement,ADV,,,0.0,1.42,1.42
isolément,ADV,,,0.14,1.28,1.42
désagréablement,ADV,,,0.13,1.28,1.41
unanimement,ADV,,,0.06,1.35,1.41
banalement,ADV,,,0.16,1.22,1.38
antérieurement,ADV,,,0.36,1.01,1.37
passivement,ADV,,,0.29,1.08,1.37
convulsivement,ADV,,,0.01,1.35,1.36
sentimentalement,ADV,,,0.82,0.54,1.36
placidement,ADV,,,0.0,1.35,1.35
à_cloche-pied,ADV,,,0.0,1.35,1.35
harmonieusement,ADV,,,0.06,1.28,1.34
sobrement,ADV,,,0.06,1.28,1.34
yu,ADV,,,1.07,0.27,1.34
implicitement,ADV,,,0.19,1.15,1.34
dru,ADV,,,0.11,1.22,1.33
latéralement,ADV,,,0.25,1.08,1.33
gi,ADV,,,1.18,0.14,1.32
chèrement,ADV,,,0.43,0.88,1.31
indubitablement,ADV,,,0.7,0.61,1.31
abusivement,ADV,,,0.16,1.15,1.31
là-dehors,ADV,,,1.3,0.0,1.3
galamment,ADV,,,0.07,1.22,1.29
globalement,ADV,,,0.68,0.61,1.29
petitement,ADV,,,0.14,1.15,1.29
sinistrement,ADV,,,0.01,1.28,1.29
épouvantablement,ADV,,,0.34,0.95,1.29
connement,ADV,,,0.0,1.28,1.28
inéluctablement,ADV,,,0.27,1.01,1.28
majestueusement,ADV,,,0.06,1.22,1.28
là-derrière,ADV,,,1.14,0.14,1.28
militairement,ADV,,,0.12,1.15,1.27
ponctuellement,ADV,,,0.26,1.01,1.27
potentiellement,ADV,,,1.12,0.14,1.26
vertigineusement,ADV,,,0.1,1.15,1.25
impérativement,ADV,,,0.55,0.68,1.23
invinciblement,ADV,,,0.01,1.22,1.23
néo,ADV,,,0.62,0.61,1.23
solitairement,ADV,,,0.01,1.22,1.23
platement,ADV,,,0.14,1.08,1.22
vertement,ADV,,,0.14,1.08,1.22
in petto,ADV,,,0.0,1.22,1.22
massivement,ADV,,,0.21,1.01,1.22
sentencieusement,ADV,,,0.0,1.22,1.22
à_brûle-pourpoint,ADV,,,0.0,1.22,1.22
luxueusement,ADV,,,0.39,0.81,1.2
négativement,ADV,,,0.12,1.08,1.2
pacifiquement,ADV,,,0.93,0.27,1.2
subito,ADV,,,0.05,1.15,1.2
gal,ADV,,,1.18,0.0,1.18
perpendiculairement,ADV,,,0.02,1.15,1.17
sereinement,ADV,,,0.43,0.74,1.17
recta,ADV,,,0.08,1.08,1.16
crânement,ADV,,,0.01,1.15,1.16
dédaigneusement,ADV,,,0.01,1.15,1.16
pompeusement,ADV,,,0.01,1.15,1.16
précocement,ADV,,,0.01,1.15,1.16
craintivement,ADV,,,0.0,1.15,1.15
jusques,ADV,,,0.0,1.15,1.15
cosmo,ADV,,,1.07,0.07,1.14
long,ADV,,,0.4,0.74,1.14
malencontreusement,ADV,,,0.26,0.88,1.14
donnant-donnant,ADV,,,0.73,0.41,1.14
agressivement,ADV,,,0.11,1.01,1.12
vice-versa,ADV,,,0.85,0.27,1.12
textuellement,ADV,,,0.03,1.08,1.11
localement,ADV,,,0.22,0.88,1.1
post,ADV,,,0.69,0.41,1.1
deuzio,ADV,,,0.89,0.2,1.09
incomparablement,ADV,,,0.01,1.08,1.09
symboliquement,ADV,,,0.21,0.88,1.09
évasivement,ADV,,,0.01,1.08,1.09
cahin-caha,ADV,,,0.0,1.08,1.08
peu ou prou,ADV,,,0.4,0.68,1.08
supérieurement,ADV,,,0.07,1.01,1.08
crescendo,ADV,,,0.46,0.61,1.07
indéniablement,ADV,,,0.33,0.74,1.07
verbalement,ADV,,,0.53,0.54,1.07
arbitrairement,ADV,,,0.12,0.95,1.07
cliniquement,ADV,,,0.92,0.14,1.06
texto,ADV,,,0.45,0.61,1.06
accessoirement,ADV,,,0.17,0.88,1.05
gaillardement,ADV,,,0.1,0.95,1.05
graduellement,ADV,,,0.24,0.81,1.05
grassement,ADV,,,0.24,0.81,1.05
ci-gît,ADV,,,0.7,0.34,1.04
extérieurement,ADV,,,0.23,0.81,1.04
ignoblement,ADV,,,0.16,0.88,1.04
inégalement,ADV,,,0.03,1.01,1.04
fabuleusement,ADV,,,0.29,0.74,1.03
indûment,ADV,,,0.22,0.81,1.03
journellement,ADV,,,0.15,0.88,1.03
gusto,ADV,,,0.88,0.14,1.02
traîtreusement,ADV,,,0.01,1.01,1.02
épisodiquement,ADV,,,0.01,1.01,1.02
imperturbablement,ADV,,,0.0,1.01,1.01
grotesquement,ADV,,,0.04,0.95,0.99
statistiquement,ADV,,,0.91,0.07,0.98
symétriquement,ADV,,,0.03,0.95,0.98
inextricablement,ADV,,,0.15,0.81,0.96
collectivement,ADV,,,0.22,0.74,0.96
effrontément,ADV,,,0.22,0.74,0.96
meilleur,ADV,,,0.82,0.14,0.96
moyennement,ADV,,,0.42,0.54,0.96
à croupetons,ADV,,,0.01,0.95,0.96
étourdiment,ADV,,,0.01,0.95,0.96
ingénument,ADV,,,0.0,0.95,0.95
malaisément,ADV,,,0.0,0.95,0.95
vade retro,ADV,,,0.26,0.68,0.94
largo,ADV,,,0.94,0.0,0.94
oralement,ADV,,,0.2,0.74,0.94
physio,ADV,,,0.94,0.0,0.94
sainement,ADV,,,0.47,0.47,0.94
en tapinois,ADV,,,0.25,0.68,0.93
a fortiori,ADV,,,0.04,0.88,0.92
fâcheusement,ADV,,,0.03,0.88,0.91
intuitivement,ADV,,,0.17,0.74,0.91
anti,ADV,,,0.09,0.81,0.9
suprêmement,ADV,,,0.09,0.81,0.9
bassement,ADV,,,0.35,0.54,0.89
continûment,ADV,,,0.01,0.88,0.89
spasmodiquement,ADV,,,0.01,0.88,0.89
chimiquement,ADV,,,0.54,0.34,0.88
diamétralement,ADV,,,0.14,0.74,0.88
héroïquement,ADV,,,0.14,0.74,0.88
parcimonieusement,ADV,,,0.0,0.88,0.88
peureusement,ADV,,,0.0,0.88,0.88
artistiquement,ADV,,,0.26,0.61,0.87
bis,ADV,,,0.26,0.61,0.87
nenni,ADV,,,0.52,0.34,0.86
infra,ADV,,,0.59,0.27,0.86
occasionnellement,ADV,,,0.59,0.27,0.86
stratégiquement,ADV,,,0.3,0.54,0.84
voracement,ADV,,,0.03,0.81,0.84
capricieusement,ADV,,,0.1,0.74,0.84
gras,ADV,,,0.37,0.47,0.84
imparfaitement,ADV,,,0.02,0.81,0.83
malicieusement,ADV,,,0.02,0.81,0.83
ortho,ADV,,,0.56,0.27,0.83
indignement,ADV,,,0.28,0.54,0.82
semblablement,ADV,,,0.01,0.81,0.82
sensuellement,ADV,,,0.28,0.54,0.82
ipso facto,ADV,,,0.21,0.61,0.82
rationnellement,ADV,,,0.41,0.41,0.82
artistement,ADV,,,0.0,0.81,0.81
benoîtement,ADV,,,0.0,0.81,0.81
lugubrement,ADV,,,0.0,0.81,0.81
moderato,ADV,,,0.0,0.81,0.81
plaintivement,ADV,,,0.0,0.81,0.81
tranquillos,ADV,,,0.0,0.81,0.81
à l'envi,ADV,,,0.2,0.61,0.81
à_rebrousse-poil,ADV,,,0.0,0.81,0.81
biologiquement,ADV,,,0.46,0.34,0.8
couci-couça,ADV,,,0.6,0.2,0.8
fifty-fifty,ADV,,,0.66,0.14,0.8
macache,ADV,,,0.06,0.74,0.8
niaisement,ADV,,,0.11,0.68,0.79
sacro,ADV,,,0.11,0.68,0.79
civilement,ADV,,,0.04,0.74,0.78
confidentiellement,ADV,,,0.37,0.41,0.78
diversement,ADV,,,0.04,0.74,0.78
judicieusement,ADV,,,0.17,0.61,0.78
notablement,ADV,,,0.04,0.74,0.78
notoirement,ADV,,,0.17,0.61,0.78
bénévolement,ADV,,,0.23,0.54,0.77
philosophiquement,ADV,,,0.09,0.68,0.77
ci-après,ADV,,,0.15,0.61,0.76
jusque,ADV,,,0.62,0.14,0.76
organiquement,ADV,,,0.02,0.74,0.76
réglementairement,ADV,,,0.15,0.61,0.76
immuablement,ADV,,,0.01,0.74,0.75
opportunément,ADV,,,0.07,0.68,0.75
affirmativement,ADV,,,0.0,0.74,0.74
ci-dessous,ADV,,,0.13,0.61,0.74
cyniquement,ADV,,,0.0,0.74,0.74
durablement,ADV,,,0.0,0.74,0.74
fichtrement,ADV,,,0.27,0.47,0.74
inépuisablement,ADV,,,0.0,0.74,0.74
mûrement,ADV,,,0.4,0.34,0.74
passagèrement,ADV,,,0.0,0.74,0.74
volubilement,ADV,,,0.0,0.74,0.74
mordicus,ADV,,,0.19,0.54,0.73
outre-atlantique,ADV,,,0.04,0.68,0.72
authentiquement,ADV,,,0.17,0.54,0.71
insuffisamment,ADV,,,0.03,0.68,0.71
sporadiquement,ADV,,,0.17,0.54,0.71
perfidement,ADV,,,0.1,0.61,0.71
lestement,ADV,,,0.02,0.68,0.7
lucidement,ADV,,,0.02,0.68,0.7
abominablement,ADV,,,0.01,0.68,0.69
haineusement,ADV,,,0.01,0.68,0.69
malignement,ADV,,,0.01,0.68,0.69
encor,ADV,,,0.42,0.27,0.69
mathématiquement,ADV,,,0.35,0.34,0.69
bellement,ADV,,,0.14,0.54,0.68
muettement,ADV,,,0.0,0.68,0.68
musico,ADV,,,0.0,0.68,0.68
obligeamment,ADV,,,0.0,0.68,0.68
dramatiquement,ADV,,,0.27,0.41,0.68
irrévocablement,ADV,,,0.21,0.47,0.68
électriquement,ADV,,,0.21,0.47,0.68
mondialement,ADV,,,0.53,0.14,0.67
scandaleusement,ADV,,,0.26,0.41,0.67
universellement,ADV,,,0.26,0.41,0.67
céans,ADV,,,0.32,0.34,0.66
insupportablement,ADV,,,0.25,0.41,0.66
maladivement,ADV,,,0.45,0.2,0.65
égoïstement,ADV,,,0.24,0.41,0.65
dérisoirement,ADV,,,0.1,0.54,0.64
odieusement,ADV,,,0.03,0.61,0.64
pitoyablement,ADV,,,0.17,0.47,0.64
roi,ADV,,,0.56,0.07,0.63
en loucedé,ADV,,,0.16,0.47,0.63
sine qua non,ADV,,,0.16,0.47,0.63
laconiquement,ADV,,,0.01,0.61,0.62
schématiquement,ADV,,,0.01,0.61,0.62
suavement,ADV,,,0.01,0.61,0.62
virilement,ADV,,,0.01,0.61,0.62
magistralement,ADV,,,0.07,0.54,0.61
mexico,ADV,,,0.54,0.07,0.61
charnellement,ADV,,,0.0,0.61,0.61
idiotement,ADV,,,0.0,0.61,0.61
infatigablement,ADV,,,0.0,0.61,0.61
providentiellement,ADV,,,0.0,0.61,0.61
péremptoirement,ADV,,,0.0,0.61,0.61
ric et rac,ADV,,,0.0,0.61,0.61
épaissement,ADV,,,0.0,0.61,0.61
hispano,ADV,,,0.06,0.54,0.6
supra,ADV,,,0.26,0.34,0.6
métaphoriquement,ADV,,,0.51,0.07,0.58
nonobstant,ADV,,,0.04,0.54,0.58
allegro,ADV,,,0.11,0.47,0.58
indo,ADV,,,0.03,0.54,0.57
musicalement,ADV,,,0.3,0.27,0.57
géographiquement,ADV,,,0.1,0.47,0.57
nommément,ADV,,,0.1,0.47,0.57
anonymement,ADV,,,0.42,0.14,0.56
ergo,ADV,,,0.22,0.34,0.56
mytho,ADV,,,0.36,0.2,0.56
primitivement,ADV,,,0.02,0.54,0.56
ras,ADV,,,0.56,0.0,0.56
audacieusement,ADV,,,0.09,0.47,0.56
chastement,ADV,,,0.01,0.54,0.55
indissolublement,ADV,,,0.01,0.54,0.55
molto,ADV,,,0.28,0.27,0.55
paternellement,ADV,,,0.01,0.54,0.55
quatrièmement,ADV,,,0.41,0.14,0.55
épais,ADV,,,0.08,0.47,0.55
al dente,ADV,,,0.4,0.14,0.54
balto,ADV,,,0.0,0.54,0.54
bourgeoisement,ADV,,,0.0,0.54,0.54
doctement,ADV,,,0.0,0.54,0.54
florès,ADV,,,0.0,0.54,0.54
fugacement,ADV,,,0.0,0.54,0.54
gloutonnement,ADV,,,0.0,0.54,0.54
identiquement,ADV,,,0.0,0.54,0.54
in extenso,ADV,,,0.0,0.54,0.54
indolemment,ADV,,,0.0,0.54,0.54
jovialement,ADV,,,0.0,0.54,0.54
maternellement,ADV,,,0.0,0.54,0.54
pâlement,ADV,,,0.0,0.54,0.54
chirurgicalement,ADV,,,0.33,0.2,0.53
frais,ADV,,,0.33,0.2,0.53
incurablement,ADV,,,0.12,0.41,0.53
amoroso,ADV,,,0.45,0.07,0.52
fougueusement,ADV,,,0.05,0.47,0.52
enfantinement,ADV,,,0.1,0.41,0.51
fortuitement,ADV,,,0.17,0.34,0.51
monotonement,ADV,,,0.1,0.41,0.51
physiologiquement,ADV,,,0.24,0.27,0.51
pico,ADV,,,0.31,0.2,0.51
poétiquement,ADV,,,0.04,0.47,0.51
ric-rac,ADV,,,0.04,0.47,0.51
unilatéralement,ADV,,,0.1,0.41,0.51
vilainement,ADV,,,0.04,0.47,0.51
affectivement,ADV,,,0.3,0.2,0.5
bric et de broc,ADV,,,0.03,0.47,0.5
gaîment,ADV,,,0.03,0.47,0.5
tutti frutti,ADV,,,0.09,0.41,0.5
géométriquement,ADV,,,0.08,0.41,0.49
irréversiblement,ADV,,,0.15,0.34,0.49
langoureusement,ADV,,,0.02,0.47,0.49
malhonnêtement,ADV,,,0.22,0.27,0.49
nuitamment,ADV,,,0.02,0.47,0.49
servilement,ADV,,,0.02,0.47,0.49
théâtralement,ADV,,,0.02,0.47,0.49
post mortem,ADV,,,0.28,0.2,0.48
charitablement,ADV,,,0.01,0.47,0.48
fortissimo,ADV,,,0.01,0.47,0.48
inconsidérément,ADV,,,0.07,0.41,0.48
indiciblement,ADV,,,0.01,0.47,0.48
omni,ADV,,,0.21,0.27,0.48
succinctement,ADV,,,0.07,0.41,0.48
adorablement,ADV,,,0.2,0.27,0.47
arrogamment,ADV,,,0.0,0.47,0.47
candidement,ADV,,,0.0,0.47,0.47
dévotement,ADV,,,0.0,0.47,0.47
ignominieusement,ADV,,,0.0,0.47,0.47
incompréhensiblement,ADV,,,0.0,0.47,0.47
indiscrètement,ADV,,,0.0,0.47,0.47
ingénieusement,ADV,,,0.06,0.41,0.47
laidement,ADV,,,0.0,0.47,0.47
libéralement,ADV,,,0.0,0.47,0.47
lointainement,ADV,,,0.0,0.47,0.47
prosaïquement,ADV,,,0.0,0.47,0.47
précairement,ADV,,,0.0,0.47,0.47
superficiellement,ADV,,,0.06,0.41,0.47
uniment,ADV,,,0.0,0.47,0.47
énigmatiquement,ADV,,,0.0,0.47,0.47
visuellement,ADV,,,0.32,0.14,0.46
astucieusement,ADV,,,0.05,0.41,0.46
censément,ADV,,,0.05,0.41,0.46
pathétiquement,ADV,,,0.05,0.41,0.46
diaboliquement,ADV,,,0.11,0.34,0.45
démocratiquement,ADV,,,0.18,0.27,0.45
mêmement,ADV,,,0.1,0.34,0.44
politico,ADV,,,0.17,0.27,0.44
forte,ADV,,,0.3,0.14,0.44
conséquemment,ADV,,,0.03,0.41,0.44
directos,ADV,,,0.03,0.41,0.44
cavalièrement,ADV,,,0.09,0.34,0.43
commercialement,ADV,,,0.16,0.27,0.43
honoris causa,ADV,,,0.16,0.27,0.43
originellement,ADV,,,0.09,0.34,0.43
subséquemment,ADV,,,0.23,0.2,0.43
proportionnellement,ADV,,,0.08,0.34,0.42
sub,ADV,,,0.22,0.2,0.42
déplorablement,ADV,,,0.01,0.41,0.42
impétueusement,ADV,,,0.01,0.41,0.42
intrinsèquement,ADV,,,0.35,0.07,0.42
invisiblement,ADV,,,0.01,0.41,0.42
obsessionnellement,ADV,,,0.01,0.41,0.42
passé,ADV,,,0.01,0.41,0.42
redoutablement,ADV,,,0.01,0.41,0.42
croa-croa,ADV,,,0.0,0.41,0.41
fantastiquement,ADV,,,0.07,0.34,0.41
impulsivement,ADV,,,0.07,0.34,0.41
juridiquement,ADV,,,0.14,0.27,0.41
naturlich,ADV,,,0.27,0.14,0.41
possiblement,ADV,,,0.21,0.2,0.41
concurremment,ADV,,,0.0,0.41,0.41
coquettement,ADV,,,0.0,0.41,0.41
directo,ADV,,,0.0,0.41,0.41
doucettement,ADV,,,0.0,0.41,0.41
hic et nunc,ADV,,,0.0,0.41,0.41
indéfectiblement,ADV,,,0.0,0.41,0.41
primordialement,ADV,,,0.0,0.41,0.41
ecce homo,ADV,,,0.2,0.2,0.4
impudemment,ADV,,,0.13,0.27,0.4
parce que,ADV,,,0.13,0.27,0.4
éloquemment,ADV,,,0.05,0.34,0.39
impartialement,ADV,,,0.04,0.34,0.38
sinon,ADV,,,0.11,0.27,0.38
spectaculairement,ADV,,,0.04,0.34,0.38
alea jacta est,ADV,,,0.3,0.07,0.37
chronologiquement,ADV,,,0.1,0.27,0.37
hideusement,ADV,,,0.03,0.34,0.37
idéologiquement,ADV,,,0.1,0.27,0.37
lumineusement,ADV,,,0.1,0.27,0.37
fanatiquement,ADV,,,0.02,0.34,0.36
barca,ADV,,,0.16,0.2,0.36
culturellement,ADV,,,0.36,0.0,0.36
manu militari,ADV,,,0.16,0.2,0.36
romantiquement,ADV,,,0.09,0.27,0.36
à fortiori,ADV,,,0.16,0.2,0.36
démonstrativement,ADV,,,0.01,0.34,0.35
inconfortablement,ADV,,,0.01,0.34,0.35
inhumainement,ADV,,,0.01,0.34,0.35
languissamment,ADV,,,0.01,0.34,0.35
rasibus,ADV,,,0.01,0.34,0.35
véhémentement,ADV,,,0.01,0.34,0.35
tutti quanti,ADV,,,0.15,0.2,0.35
abstraitement,ADV,,,0.0,0.34,0.34
corrélativement,ADV,,,0.0,0.34,0.34
dito,ADV,,,0.0,0.34,0.34
déterminément,ADV,,,0.0,0.34,0.34
facétieusement,ADV,,,0.0,0.34,0.34
fastueusement,ADV,,,0.0,0.34,0.34
insatiablement,ADV,,,0.0,0.34,0.34
inébranlablement,ADV,,,0.14,0.2,0.34
méditativement,ADV,,,0.0,0.34,0.34
profond,ADV,,,0.27,0.07,0.34
préventivement,ADV,,,0.0,0.34,0.34
roidement,ADV,,,0.0,0.34,0.34
sine die,ADV,,,0.0,0.34,0.34
sordidement,ADV,,,0.14,0.2,0.34
superstitieusement,ADV,,,0.0,0.34,0.34
vicieusement,ADV,,,0.07,0.27,0.34
ahi,ADV,,,0.06,0.27,0.33
chrétiennement,ADV,,,0.13,0.2,0.33
diligemment,ADV,,,0.05,0.27,0.32
pianissimo,ADV,,,0.12,0.2,0.32
platoniquement,ADV,,,0.05,0.27,0.32
tactiquement,ADV,,,0.25,0.07,0.32
implacablement,ADV,,,0.11,0.2,0.31
inhabituellement,ADV,,,0.11,0.2,0.31
lisiblement,ADV,,,0.11,0.2,0.31
milieu,ADV,,,0.11,0.2,0.31
princièrement,ADV,,,0.11,0.2,0.31
substantiellement,ADV,,,0.04,0.27,0.31
chouïa,ADV,,,0.03,0.27,0.3
cinquièmement,ADV,,,0.16,0.14,0.3
hypothétiquement,ADV,,,0.23,0.07,0.3
hystériquement,ADV,,,0.03,0.27,0.3
milli,ADV,,,0.16,0.14,0.3
postérieurement,ADV,,,0.03,0.27,0.3
ad patres,ADV,,,0.02,0.27,0.29
anatomiquement,ADV,,,0.09,0.2,0.29
annuellement,ADV,,,0.15,0.14,0.29
gréco,ADV,,,0.15,0.14,0.29
lascivement,ADV,,,0.02,0.27,0.29
numériquement,ADV,,,0.09,0.2,0.29
opiniâtrement,ADV,,,0.02,0.27,0.29
grammaticalement,ADV,,,0.14,0.14,0.28
inclusivement,ADV,,,0.01,0.27,0.28
indécemment,ADV,,,0.01,0.27,0.28
intensivement,ADV,,,0.14,0.14,0.28
nano,ADV,,,0.14,0.14,0.28
obscènement,ADV,,,0.01,0.27,0.28
splendidement,ADV,,,0.21,0.07,0.28
trompeusement,ADV,,,0.01,0.27,0.28
tyranniquement,ADV,,,0.14,0.14,0.28
urbi et orbi,ADV,,,0.01,0.27,0.28
a contrario,ADV,,,0.0,0.27,0.27
a giorno,ADV,,,0.0,0.27,0.27
ab ovo,ADV,,,0.0,0.27,0.27
alertement,ADV,,,0.0,0.27,0.27
allegretto,ADV,,,0.0,0.27,0.27
animalement,ADV,,,0.0,0.27,0.27
bienheureusement,ADV,,,0.0,0.27,0.27
féeriquement,ADV,,,0.0,0.27,0.27
imbécilement,ADV,,,0.0,0.27,0.27
immoralement,ADV,,,0.27,0.0,0.27
intarissablement,ADV,,,0.0,0.27,0.27
jeunement,ADV,,,0.0,0.27,0.27
maigrement,ADV,,,0.0,0.27,0.27
maniaquement,ADV,,,0.0,0.27,0.27
maussadement,ADV,,,0.0,0.27,0.27
mauvaisement,ADV,,,0.0,0.27,0.27
moelleusement,ADV,,,0.0,0.27,0.27
moqueusement,ADV,,,0.0,0.27,0.27
narquoisement,ADV,,,0.0,0.27,0.27
outre-rhin,ADV,,,0.0,0.27,0.27
révérencieusement,ADV,,,0.0,0.27,0.27
secondairement,ADV,,,0.0,0.27,0.27
souterrainement,ADV,,,0.0,0.27,0.27
souventes fois,ADV,,,0.0,0.27,0.27
stoïquement,ADV,,,0.0,0.27,0.27
studieusement,ADV,,,0.0,0.27,0.27
témérairement,ADV,,,0.0,0.27,0.27
valablement,ADV,,,0.0,0.27,0.27
vertueusement,ADV,,,0.0,0.27,0.27
épatamment,ADV,,,0.0,0.27,0.27
a posteriori,ADV,,,0.05,0.21,0.26
comparativement,ADV,,,0.19,0.07,0.26
hypo,ADV,,,0.19,0.07,0.26
plue,ADV,,,0.26,0.0,0.26
est-ce,ADV,,,0.05,0.2,0.25
à son encontre,ADV,,,0.05,0.2,0.25
agitato,ADV,,,0.17,0.07,0.24
allusivement,ADV,,,0.1,0.14,0.24
crédié,ADV,,,0.04,0.2,0.24
diplomatiquement,ADV,,,0.04,0.2,0.24
génialement,ADV,,,0.04,0.2,0.24
hydro,ADV,,,0.17,0.07,0.24
mystiquement,ADV,,,0.04,0.2,0.24
brut,ADV,,,0.03,0.2,0.23
de facto,ADV,,,0.16,0.07,0.23
excellemment,ADV,,,0.16,0.07,0.23
foutument,ADV,,,0.03,0.2,0.23
incontinent,ADV,,,0.03,0.2,0.23
irréfutablement,ADV,,,0.03,0.2,0.23
maritalement,ADV,,,0.03,0.2,0.23
socio,ADV,,,0.09,0.14,0.23
syro,ADV,,,0.03,0.2,0.23
pathologiquement,ADV,,,0.08,0.14,0.22
chao,ADV,,,0.15,0.07,0.22
intolérablement,ADV,,,0.02,0.2,0.22
patri,ADV,,,0.15,0.07,0.22
quinto,ADV,,,0.22,0.0,0.22
rythmiquement,ADV,,,0.02,0.2,0.22
alphabétiquement,ADV,,,0.14,0.07,0.21
conventionnellement,ADV,,,0.01,0.2,0.21
fallacieusement,ADV,,,0.01,0.2,0.21
hiérarchiquement,ADV,,,0.01,0.2,0.21
impudiquement,ADV,,,0.01,0.2,0.21
intelligiblement,ADV,,,0.01,0.2,0.21
internationalement,ADV,,,0.07,0.14,0.21
judéo,ADV,,,0.01,0.2,0.21
minablement,ADV,,,0.14,0.07,0.21
populairement,ADV,,,0.14,0.07,0.21
puérilement,ADV,,,0.01,0.2,0.21
radieusement,ADV,,,0.01,0.2,0.21
sadiquement,ADV,,,0.01,0.2,0.21
significativement,ADV,,,0.14,0.07,0.21
téléphoniquement,ADV,,,0.14,0.07,0.21
électroniquement,ADV,,,0.21,0.0,0.21
ad vitam aeternam,ADV,,,0.0,0.2,0.2
admirativement,ADV,,,0.0,0.2,0.2
affablement,ADV,,,0.0,0.2,0.2
assyro,ADV,,,0.0,0.2,0.2
asymétriquement,ADV,,,0.0,0.2,0.2
avarement,ADV,,,0.0,0.2,0.2
bibliquement,ADV,,,0.13,0.07,0.2
cauteleusement,ADV,,,0.0,0.2,0.2
cocassement,ADV,,,0.0,0.2,0.2
congénitalement,ADV,,,0.0,0.2,0.2
contradictoirement,ADV,,,0.0,0.2,0.2
courtement,ADV,,,0.0,0.2,0.2
deusio,ADV,,,0.2,0.0,0.2
doucereusement,ADV,,,0.0,0.2,0.2
défavorablement,ADV,,,0.0,0.2,0.2
effrayamment,ADV,,,0.0,0.2,0.2
fictivement,ADV,,,0.0,0.2,0.2
filialement,ADV,,,0.0,0.2,0.2
germano,ADV,,,0.2,0.0,0.2
grand-faim,ADV,,,0.0,0.2,0.2
grand-peur,ADV,,,0.0,0.2,0.2
hebdomadairement,ADV,,,0.0,0.2,0.2
hostilement,ADV,,,0.0,0.2,0.2
héréditairement,ADV,,,0.0,0.2,0.2
illustrement,ADV,,,0.0,0.2,0.2
immodérément,ADV,,,0.0,0.2,0.2
in abstracto,ADV,,,0.0,0.2,0.2
incoerciblement,ADV,,,0.0,0.2,0.2
incomplètement,ADV,,,0.0,0.2,0.2
industriellement,ADV,,,0.0,0.2,0.2
inexprimablement,ADV,,,0.0,0.2,0.2
infernalement,ADV,,,0.0,0.2,0.2
irréellement,ADV,,,0.0,0.2,0.2
irréprochablement,ADV,,,0.0,0.2,0.2
mensongèrement,ADV,,,0.0,0.2,0.2
mezza voce,ADV,,,0.0,0.2,0.2
nihil obstat,ADV,,,0.0,0.2,0.2
nostalgiquement,ADV,,,0.0,0.2,0.2
optime,ADV,,,0.0,0.2,0.2
outre-manche,ADV,,,0.0,0.2,0.2
peinardement,ADV,,,0.0,0.2,0.2
pâteusement,ADV,,,0.0,0.2,0.2
pédibus,ADV,,,0.0,0.2,0.2
périlleusement,ADV,,,0.0,0.2,0.2
recto tono,ADV,,,0.0,0.2,0.2
ric-à-rac,ADV,,,0.0,0.2,0.2
saintement,ADV,,,0.0,0.2,0.2
sarcastiquement,ADV,,,0.0,0.2,0.2
solidairement,ADV,,,0.0,0.2,0.2
songeusement,ADV,,,0.0,0.2,0.2
sportivement,ADV,,,0.0,0.2,0.2
stérilement,ADV,,,0.0,0.2,0.2
surabondamment,ADV,,,0.0,0.2,0.2
sursum corda,ADV,,,0.0,0.2,0.2
tenacement,ADV,,,0.0,0.2,0.2
à lurelure,ADV,,,0.0,0.2,0.2
éphémèrement,ADV,,,0.0,0.2,0.2
administrativement,ADV,,,0.05,0.14,0.19
autre,ADV,,,0.05,0.14,0.19
bêta,ADV,,,0.19,0.0,0.19
lento,ADV,,,0.05,0.14,0.19
menu,ADV,,,0.05,0.14,0.19
rétroactivement,ADV,,,0.05,0.14,0.19
à mon encontre,ADV,,,0.05,0.14,0.19
suspicieusement,ADV,,,0.04,0.14,0.18
esthétiquement,ADV,,,0.11,0.07,0.18
improprement,ADV,,,0.11,0.07,0.18
abjectement,ADV,,,0.1,0.07,0.17
allégoriquement,ADV,,,0.1,0.07,0.17
exemplairement,ADV,,,0.1,0.07,0.17
exponentiellement,ADV,,,0.17,0.0,0.17
frauduleusement,ADV,,,0.03,0.14,0.17
glacialement,ADV,,,0.1,0.07,0.17
onc,ADV,,,0.03,0.14,0.17
autres,ADV,,,0.02,0.14,0.16
consécutivement,ADV,,,0.02,0.14,0.16
déloyalement,ADV,,,0.02,0.14,0.16
franc,ADV,,,0.16,0.0,0.16
humano,ADV,,,0.16,0.0,0.16
quarto,ADV,,,0.02,0.14,0.16
racialement,ADV,,,0.02,0.14,0.16
sublimement,ADV,,,0.02,0.14,0.16
trans,ADV,,,0.16,0.0,0.16
tumultueusement,ADV,,,0.02,0.14,0.16
vox populi,ADV,,,0.02,0.14,0.16
académiquement,ADV,,,0.01,0.14,0.15
anarchiquement,ADV,,,0.01,0.14,0.15
ancestralement,ADV,,,0.01,0.14,0.15
bésef,ADV,,,0.01,0.14,0.15
bézef,ADV,,,0.01,0.14,0.15
chiquement,ADV,,,0.01,0.14,0.15
cinématographiquement,ADV,,,0.01,0.14,0.15
dégueulassement,ADV,,,0.01,0.14,0.15
emphatiquement,ADV,,,0.01,0.14,0.15
inexactement,ADV,,,0.01,0.14,0.15
irréductiblement,ADV,,,0.01,0.14,0.15
littérairement,ADV,,,0.01,0.14,0.15
mensuellement,ADV,,,0.01,0.14,0.15
métaphysiquement,ADV,,,0.01,0.14,0.15
obséquieusement,ADV,,,0.01,0.14,0.15
urgemment,ADV,,,0.01,0.14,0.15
véridiquement,ADV,,,0.01,0.14,0.15
à l'encan,ADV,,,0.01,0.14,0.15
étymologiquement,ADV,,,0.01,0.14,0.15
in memoriam,ADV,,,0.15,0.0,0.15
informatiquement,ADV,,,0.15,0.0,0.15
technologiquement,ADV,,,0.15,0.0,0.15
à votre encontre,ADV,,,0.15,0.0,0.15
accelerando,ADV,,,0.0,0.14,0.14
ad libitum,ADV,,,0.0,0.14,0.14
ad majorem dei gloriam,ADV,,,0.0,0.14,0.14
anaphoriquement,ADV,,,0.0,0.14,0.14
anecdotiquement,ADV,,,0.0,0.14,0.14
angéliquement,ADV,,,0.0,0.14,0.14
ardûment,ADV,,,0.0,0.14,0.14
astro,ADV,,,0.14,0.0,0.14
aujourd'huie,ADV,,,0.0,0.14,0.14
austèrement,ADV,,,0.0,0.14,0.14
avaricieusement,ADV,,,0.0,0.14,0.14
barbarement,ADV,,,0.0,0.14,0.14
bezef,ADV,,,0.0,0.14,0.14
catastrophiquement,ADV,,,0.0,0.14,0.14
catholiquement,ADV,,,0.0,0.14,0.14
classiquement,ADV,,,0.0,0.14,0.14
clopin-clopant,ADV,,,0.0,0.14,0.14
co,ADV,,,0.14,0.0,0.14
complémentairement,ADV,,,0.0,0.14,0.14
crapuleusement,ADV,,,0.0,0.14,0.14
câlinement,ADV,,,0.0,0.14,0.14
demi-nu,ADV,,,0.14,0.0,0.14
dextrement,ADV,,,0.0,0.14,0.14
dubitativement,ADV,,,0.0,0.14,0.14
déraisonnablement,ADV,,,0.0,0.14,0.14
dévotieusement,ADV,,,0.0,0.14,0.14
ex nihilo,ADV,,,0.0,0.14,0.14
exhaustivement,ADV,,,0.0,0.14,0.14
extatiquement,ADV,,,0.0,0.14,0.14
fantasmatiquement,ADV,,,0.0,0.14,0.14
fluidement,ADV,,,0.0,0.14,0.14
futilement,ADV,,,0.0,0.14,0.14
grandiosement,ADV,,,0.0,0.14,0.14
gratis pro deo,ADV,,,0.0,0.14,0.14
hypnotiquement,ADV,,,0.0,0.14,0.14
illusoirement,ADV,,,0.0,0.14,0.14
imaginairement,ADV,,,0.0,0.14,0.14
impassiblement,ADV,,,0.0,0.14,0.14
in cauda venenum,ADV,,,0.0,0.14,0.14
incommensurablement,ADV,,,0.0,0.14,0.14
indéfinissablement,ADV,,,0.0,0.14,0.14
inflexiblement,ADV,,,0.0,0.14,0.14
insondablement,ADV,,,0.0,0.14,0.14
inséparablement,ADV,,,0.0,0.14,0.14
intrépidement,ADV,,,0.0,0.14,0.14
invraisemblablement,ADV,,,0.0,0.14,0.14
irréparablement,ADV,,,0.0,0.14,0.14
irrévérencieusement,ADV,,,0.0,0.14,0.14
lanlaire,ADV,,,0.0,0.14,0.14
louablement,ADV,,,0.14,0.0,0.14
là-devant,ADV,,,0.0,0.14,0.14
matinalement,ADV,,,0.0,0.14,0.14
mesquinement,ADV,,,0.0,0.14,0.14
mignonnement,ADV,,,0.0,0.14,0.14
moitié-moitié,ADV,,,0.0,0.14,0.14
mondainement,ADV,,,0.0,0.14,0.14
nationalement,ADV,,,0.0,0.14,0.14
ne varietur,ADV,,,0.0,0.14,0.14
obligado,ADV,,,0.0,0.14,0.14
originairement,ADV,,,0.0,0.14,0.14
ostentatoirement,ADV,,,0.0,0.14,0.14
parodiquement,ADV,,,0.0,0.14,0.14
perversement,ADV,,,0.0,0.14,0.14
pipo,ADV,,,0.0,0.14,0.14
poussivement,ADV,,,0.0,0.14,0.14
puisque,ADV,,,0.0,0.14,0.14
pédestrement,ADV,,,0.0,0.14,0.14
quiètement,ADV,,,0.0,0.14,0.14
raidement,ADV,,,0.0,0.14,0.14
rigidement,ADV,,,0.0,0.14,0.14
robustement,ADV,,,0.0,0.14,0.14
savoureusement,ADV,,,0.0,0.14,0.14
secondement,ADV,,,0.0,0.14,0.14
souventefois,ADV,,,0.0,0.14,0.14
séculairement,ADV,,,0.0,0.14,0.14
tactilement,ADV,,,0.0,0.14,0.14
temporellement,ADV,,,0.0,0.14,0.14
tendancieusement,ADV,,,0.0,0.14,0.14
tièdement,ADV,,,0.0,0.14,0.14
topographiquement,ADV,,,0.0,0.14,0.14
vilement,ADV,,,0.14,0.0,0.14
à_tire-larigot,ADV,,,0.0,0.14,0.14
à_touche-touche,ADV,,,0.0,0.14,0.14
âcrement,ADV,,,0.0,0.14,0.14
électivement,ADV,,,0.0,0.14,0.14
contractuellement,ADV,,,0.13,0.0,0.13
incorrectement,ADV,,,0.06,0.07,0.13
magnétiquement,ADV,,,0.13,0.0,0.13
psychiquement,ADV,,,0.13,0.0,0.13
onto,ADV,,,0.05,0.07,0.12
majoritairement,ADV,,,0.12,0.0,0.12
sino,ADV,,,0.12,0.0,0.12
a capella,ADV,,,0.04,0.07,0.11
a cappella,ADV,,,0.04,0.07,0.11
chic,ADV,,,0.04,0.07,0.11
cérébralement,ADV,,,0.04,0.07,0.11
imprévisiblement,ADV,,,0.11,0.0,0.11
pile,ADV,,,0.11,0.0,0.11
bienveillamment,ADV,,,0.1,0.0,0.1
constitutionnellement,ADV,,,0.03,0.07,0.1
n'est-ce pas,ADV,,,0.1,0.0,0.1
phonétiquement,ADV,,,0.03,0.07,0.1
pénalement,ADV,,,0.03,0.07,0.1
quantitativement,ADV,,,0.1,0.0,0.1
sic transit gloria mundi,ADV,,,0.03,0.07,0.1
usuellement,ADV,,,0.1,0.0,0.1
à leur encontre,ADV,,,0.03,0.07,0.1
austro,ADV,,,0.02,0.07,0.09
criminellement,ADV,,,0.02,0.07,0.09
fameusement,ADV,,,0.02,0.07,0.09
ineffablement,ADV,,,0.02,0.07,0.09
inopportunément,ADV,,,0.02,0.07,0.09
irrespectueusement,ADV,,,0.02,0.07,0.09
moindrement,ADV,,,0.02,0.07,0.09
piu,ADV,,,0.02,0.07,0.09
quasi-inconnu,ADV,,,0.02,0.07,0.09
regrettablement,ADV,,,0.02,0.07,0.09
tête-bêche,ADV,,,0.02,0.07,0.09
vae victis,ADV,,,0.02,0.07,0.09
à notre encontre,ADV,,,0.02,0.07,0.09
aléatoirement,ADV,,,0.09,0.0,0.09
éthiquement,ADV,,,0.09,0.0,0.09
ab initio,ADV,,,0.01,0.07,0.08
acrobatiquement,ADV,,,0.01,0.07,0.08
analytiquement,ADV,,,0.01,0.07,0.08
architecturalement,ADV,,,0.01,0.07,0.08
arithmétiquement,ADV,,,0.01,0.07,0.08
artisanalement,ADV,,,0.01,0.07,0.08
cycliquement,ADV,,,0.01,0.07,0.08
diagonalement,ADV,,,0.01,0.07,0.08
droitement,ADV,,,0.01,0.07,0.08
expérimentalement,ADV,,,0.01,0.07,0.08
figurativement,ADV,,,0.01,0.07,0.08
fiscalement,ADV,,,0.01,0.07,0.08
frugalement,ADV,,,0.01,0.07,0.08
goutte,ADV,,,0.01,0.07,0.08
hygiéniquement,ADV,,,0.01,0.07,0.08
inimaginablement,ADV,,,0.01,0.07,0.08
intra muros,ADV,,,0.01,0.07,0.08
intra-muros,ADV,,,0.01,0.07,0.08
irrationnellement,ADV,,,0.01,0.07,0.08
l'une,ADV,,,0.01,0.07,0.08
linguistiquement,ADV,,,0.01,0.07,0.08
microscopiquement,ADV,,,0.01,0.07,0.08
morbidement,ADV,,,0.01,0.07,0.08
mornement,ADV,,,0.01,0.07,0.08
mélodieusement,ADV,,,0.01,0.07,0.08
météoriquement,ADV,,,0.01,0.07,0.08
nota bene,ADV,,,0.01,0.07,0.08
ousque,ADV,,,0.01,0.07,0.08
pakistano,ADV,,,0.01,0.07,0.08
più,ADV,,,0.01,0.07,0.08
plupart,ADV,,,0.01,0.07,0.08
publico,ADV,,,0.01,0.07,0.08
péjorativement,ADV,,,0.01,0.07,0.08
quanto,ADV,,,0.01,0.07,0.08
scolairement,ADV,,,0.01,0.07,0.08
sempiternellement,ADV,,,0.01,0.07,0.08
transversalement,ADV,,,0.01,0.07,0.08
trivialement,ADV,,,0.01,0.07,0.08
ultimement,ADV,,,0.01,0.07,0.08
vocalement,ADV,,,0.01,0.07,0.08
ab absurdo,ADV,,,0.0,0.07,0.07
acrimonieusement,ADV,,,0.0,0.07,0.07
ad limina,ADV,,,0.0,0.07,0.07
ad nutum,ADV,,,0.0,0.07,0.07
adagio,ADV,,,0.0,0.07,0.07
adonc,ADV,,,0.0,0.07,0.07
adoncques,ADV,,,0.0,0.07,0.07
aglagla,ADV,,,0.0,0.07,0.07
algébriquement,ADV,,,0.0,0.07,0.07
alter,ADV,,,0.0,0.07,0.07
altièrement,ADV,,,0.0,0.07,0.07
anachroniquement,ADV,,,0.0,0.07,0.07
anch'io son pittore,ADV,,,0.0,0.07,0.07
andante,ADV,,,0.0,0.07,0.07
approbativement,ADV,,,0.0,0.07,0.07
ardito,ADV,,,0.0,0.07,0.07
aristocratiquement,ADV,,,0.0,0.07,0.07
automatico,ADV,,,0.0,0.07,0.07
balistiquement,ADV,,,0.0,0.07,0.07
belliqueusement,ADV,,,0.0,0.07,0.07
besef,ADV,,,0.0,0.07,0.07
bonassement,ADV,,,0.0,0.07,0.07
bouffonnement,ADV,,,0.0,0.07,0.07
budgétairement,ADV,,,0.0,0.07,0.07
bulgaro,ADV,,,0.0,0.07,0.07
bureaucratiquement,ADV,,,0.0,0.07,0.07
bénignement,ADV,,,0.0,0.07,0.07
c'est-à-diree,ADV,,,0.0,0.07,0.07
calligraphiquement,ADV,,,0.0,0.07,0.07
canaillement,ADV,,,0.0,0.07,0.07
canoniquement,ADV,,,0.0,0.07,0.07
capitalement,ADV,,,0.0,0.07,0.07
cellulairement,ADV,,,0.0,0.07,0.07
chaotiquement,ADV,,,0.0,0.07,0.07
chevaleresquement,ADV,,,0.0,0.07,0.07
chimériquement,ADV,,,0.0,0.07,0.07
chouettement,ADV,,,0.0,0.07,0.07
chroniquement,ADV,,,0.0,0.07,0.07
chétivement,ADV,,,0.0,0.07,0.07
ci-contre,ADV,,,0.0,0.07,0.07
circulairement,ADV,,,0.0,0.07,0.07
coléreusement,ADV,,,0.0,0.07,0.07
conditionnellement,ADV,,,0.0,0.07,0.07
confraternellement,ADV,,,0.0,0.07,0.07
congrûment,ADV,,,0.0,0.07,0.07
conjugalement,ADV,,,0.0,0.07,0.07
contemplativement,ADV,,,0.0,0.07,0.07
conventuellement,ADV,,,0.0,0.07,0.07
coquinement,ADV,,,0.0,0.07,0.07
coupablement,ADV,,,0.0,0.07,0.07
coutumièrement,ADV,,,0.0,0.07,0.07
coûteusement,ADV,,,0.0,0.07,0.07
crucialement,ADV,,,0.0,0.07,0.07
cupidement,ADV,,,0.0,0.07,0.07
d'embléee,ADV,,,0.0,0.07,0.07
de auditu,ADV,,,0.0,0.07,0.07
decrescendo,ADV,,,0.0,0.07,0.07
didactiquement,ADV,,,0.0,0.07,0.07
dignus est intrare,ADV,,,0.0,0.07,0.07
disgracieusement,ADV,,,0.0,0.07,0.07
dispendieusement,ADV,,,0.0,0.07,0.07
domestiquement,ADV,,,0.0,0.07,0.07
douteusement,ADV,,,0.0,0.07,0.07
défectueusement,ADV,,,0.0,0.07,0.07
démographiquement,ADV,,,0.0,0.07,0.07
démoniaquement,ADV,,,0.0,0.07,0.07
désordonnément,ADV,,,0.0,0.07,0.07
détestablement,ADV,,,0.0,0.07,0.07
empiriquement,ADV,,,0.0,0.07,0.07
espièglement,ADV,,,0.0,0.07,0.07
et seq,ADV,,,0.0,0.07,0.07
euphoniquement,ADV,,,0.0,0.07,0.07
ex abrupto,ADV,,,0.0,0.07,0.07
exotiquement,ADV,,,0.0,0.07,0.07
expertement,ADV,,,0.0,0.07,0.07
expressivement,ADV,,,0.0,0.07,0.07
extra-muros,ADV,,,0.0,0.07,0.07
fadement,ADV,,,0.0,0.07,0.07
fantasquement,ADV,,,0.0,0.07,0.07
fantomatiquement,ADV,,,0.0,0.07,0.07
fastidieusement,ADV,,,0.0,0.07,0.07
fielleusement,ADV,,,0.0,0.07,0.07
flegmatiquement,ADV,,,0.0,0.07,0.07
fonctionnellement,ADV,,,0.0,0.07,0.07
fragilement,ADV,,,0.0,0.07,0.07
funestement,ADV,,,0.0,0.07,0.07
félinement,ADV,,,0.0,0.07,0.07
gauloisement,ADV,,,0.0,0.07,0.07
glauquement,ADV,,,0.0,0.07,0.07
gourmandement,ADV,,,0.0,0.07,0.07
grand-hâte,ADV,,,0.0,0.07,0.07
hasardeusement,ADV,,,0.0,0.07,0.07
hautainement,ADV,,,0.0,0.07,0.07
hiératiquement,ADV,,,0.0,0.07,0.07
humidement,ADV,,,0.0,0.07,0.07
hyperboliquement,ADV,,,0.0,0.07,0.07
hébraïquement,ADV,,,0.0,0.07,0.07
hémi,ADV,,,0.0,0.07,0.07
hérédo,ADV,,,0.0,0.07,0.07
illogiquement,ADV,,,0.0,0.07,0.07
impalpablement,ADV,,,0.0,0.07,0.07
imparablement,ADV,,,0.0,0.07,0.07
impardonnablement,ADV,,,0.0,0.07,0.07
impertinemment,ADV,,,0.0,0.07,0.07
impromptu,ADV,,,0.0,0.07,0.07
in anima vili,ADV,,,0.0,0.07,0.07
in vivo,ADV,,,0.0,0.07,0.07
inavouablement,ADV,,,0.0,0.07,0.07
inconcevablement,ADV,,,0.0,0.07,0.07
incorrigiblement,ADV,,,0.0,0.07,0.07
indescriptiblement,ADV,,,0.0,0.07,0.07
industrieusement,ADV,,,0.0,0.07,0.07
indécrottablement,ADV,,,0.0,0.07,0.07
ineffaçablement,ADV,,,0.0,0.07,0.07
ineptement,ADV,,,0.0,0.07,0.07
inespérément,ADV,,,0.0,0.07,0.07
inexpugnablement,ADV,,,0.0,0.07,0.07
infantilement,ADV,,,0.0,0.07,0.07
infectement,ADV,,,0.0,0.07,0.07
infinitésimalement,ADV,,,0.0,0.07,0.07
inglorieusement,ADV,,,0.0,0.07,0.07
ingratement,ADV,,,0.0,0.07,0.07
inimitablement,ADV,,,0.0,0.07,0.07
injurieusement,ADV,,,0.0,0.07,0.07
innombrablement,ADV,,,0.0,0.07,0.07
inoubliablement,ADV,,,0.0,0.07,0.07
insensément,ADV,,,0.0,0.07,0.07
insolitement,ADV,,,0.0,0.07,0.07
insoucieusement,ADV,,,0.0,0.07,0.07
instinctivo,ADV,,,0.0,0.07,0.07
intempestivement,ADV,,,0.0,0.07,0.07
interrogativement,ADV,,,0.0,0.07,0.07
inélégamment,ADV,,,0.0,0.07,0.07
jacqueline,ADV,,,0.0,0.07,0.07
lerch,ADV,,,0.0,0.07,0.07
longitudinalement,ADV,,,0.0,0.07,0.07
lorsque,ADV,,,0.0,0.07,0.07
malhabilement,ADV,,,0.0,0.07,0.07
malproprement,ADV,,,0.0,0.07,0.07
malsainement,ADV,,,0.0,0.07,0.07
mezza-voce,ADV,,,0.0,0.07,0.07
mignardement,ADV,,,0.0,0.07,0.07
miséricordieusement,ADV,,,0.0,0.07,0.07
miteusement,ADV,,,0.0,0.07,0.07
morosement,ADV,,,0.0,0.07,0.07
motu proprio,ADV,,,0.0,0.07,0.07
mutatis mutandis,ADV,,,0.0,0.07,0.07
narcissiquement,ADV,,,0.0,0.07,0.07
nigaudement,ADV,,,0.0,0.07,0.07
nimbo,ADV,,,0.0,0.07,0.07
non troppo,ADV,,,0.0,0.07,0.07
occultement,ADV,,,0.0,0.07,0.07
ombrageusement,ADV,,,0.0,0.07,0.07
on-line,ADV,,,0.07,0.0,0.07
onctueusement,ADV,,,0.0,0.07,0.07
oseraient,ADV,,,0.0,0.07,0.07
paillardement,ADV,,,0.0,0.07,0.07
passim,ADV,,,0.0,0.07,0.07
passionnellement,ADV,,,0.0,0.07,0.07
patriotiquement,ADV,,,0.0,0.07,0.07
persévéramment,ADV,,,0.0,0.07,0.07
picturalement,ADV,,,0.0,0.07,0.07
plausiblement,ADV,,,0.0,0.07,0.07
plein-air,ADV,,,0.0,0.07,0.07
prompto,ADV,,,0.0,0.07,0.07
prophétiquement,ADV,,,0.0,0.07,0.07
provincialement,ADV,,,0.0,0.07,0.07
publicitairement,ADV,,,0.0,0.07,0.07
pyramidalement,ADV,,,0.0,0.07,0.07
pécuniairement,ADV,,,0.0,0.07,0.07
pénardement,ADV,,,0.0,0.07,0.07
quasi-voisines,ADV,,,0.0,0.07,0.07
racisme,ADV,,,0.0,0.07,0.07
rarissimement,ADV,,,0.0,0.07,0.07
rinforzando,ADV,,,0.0,0.07,0.07
risiblement,ADV,,,0.0,0.07,0.07
rubato,ADV,,,0.0,0.07,0.07
salutairement,ADV,,,0.0,0.07,0.07
sardoniquement,ADV,,,0.0,0.07,0.07
sensationnellement,ADV,,,0.0,0.07,0.07
sensément,ADV,,,0.0,0.07,0.07
similairement,ADV,,,0.0,0.07,0.07
sinueusement,ADV,,,0.0,0.07,0.07
sociologiquement,ADV,,,0.0,0.07,0.07
somnambuliquement,ADV,,,0.0,0.07,0.07
sonorement,ADV,,,0.0,0.07,0.07
sostenuto,ADV,,,0.0,0.07,0.07
soyeusement,ADV,,,0.0,0.07,0.07
spécieusement,ADV,,,0.0,0.07,0.07
stablement,ADV,,,0.0,0.07,0.07
stalino,ADV,,,0.0,0.07,0.07
structuralement,ADV,,,0.0,0.07,0.07
subsidiairement,ADV,,,0.0,0.07,0.07
sufficit,ADV,,,0.0,0.07,0.07
suivant,ADV,,,0.0,0.07,0.07
superlativement,ADV,,,0.0,0.07,0.07
sénilement,ADV,,,0.0,0.07,0.07
talentueusement,ADV,,,0.0,0.07,0.07
tandis que,ADV,,,0.0,0.07,0.07
territorialement,ADV,,,0.0,0.07,0.07
thématiquement,ADV,,,0.0,0.07,0.07
triangulairement,ADV,,,0.0,0.07,0.07
ultimo,ADV,,,0.0,0.07,0.07
vae soli,ADV,,,0.0,0.07,0.07
vaniteusement,ADV,,,0.0,0.07,0.07
venimeusement,ADV,,,0.0,0.07,0.07
vindicativement,ADV,,,0.0,0.07,0.07
virginalement,ADV,,,0.0,0.07,0.07
viscéralement,ADV,,,0.07,0.0,0.07
vitement,ADV,,,0.0,0.07,0.07
à cropetons,ADV,,,0.0,0.07,0.07
à giorno,ADV,,,0.0,0.07,0.07
à glagla,ADV,,,0.0,0.07,0.07
à la daumont,ADV,,,0.0,0.07,0.07
électoralement,ADV,,,0.0,0.07,0.07
ad infinitum,ADV,,,0.05,0.0,0.05
in utero,ADV,,,0.05,0.0,0.05
in vino veritas,ADV,,,0.05,0.0,0.05
inconditionnellement,ADV,,,0.05,0.0,0.05
phénoménalement,ADV,,,0.05,0.0,0.05
structurellement,ADV,,,0.05,0.0,0.05
sélectivement,ADV,,,0.05,0.0,0.05
é,ADV,,,0.05,0.0,0.05
de plano,ADV,,,0.04,0.0,0.04
ore,ADV,,,0.04,0.0,0.04
subconsciemment,ADV,,,0.04,0.0,0.04
supposément,ADV,,,0.04,0.0,0.04
tout-fait,ADV,,,0.04,0.0,0.04
trimestriellement,ADV,,,0.04,0.0,0.04
adéquatement,ADV,,,0.03,0.0,0.03
bilatéralement,ADV,,,0.03,0.0,0.03
chouette,ADV,,,0.03,0.0,0.03
compulsivement,ADV,,,0.03,0.0,0.03
emmi,ADV,,,0.03,0.0,0.03
ex-petit,ADV,,,0.03,0.0,0.03
géologiquement,ADV,,,0.03,0.0,0.03
impoliment,ADV,,,0.03,0.0,0.03
item,ADV,,,0.03,0.0,0.03
magico,ADV,,,0.03,0.0,0.03
mezzo,ADV,,,0.03,0.0,0.03
monumentalement,ADV,,,0.03,0.0,0.03
morpho,ADV,,,0.03,0.0,0.03
nippo,ADV,,,0.03,0.0,0.03
pasque,ADV,,,0.03,0.0,0.03
piètrement,ADV,,,0.03,0.0,0.03
sitcom,ADV,,,0.03,0.0,0.03
théologiquement,ADV,,,0.03,0.0,0.03
zig-zig,ADV,,,0.03,0.0,0.03
astronomiquement,ADV,,,0.02,0.0,0.02
bestialement,ADV,,,0.02,0.0,0.02
biochimiquement,ADV,,,0.02,0.0,0.02
canado,ADV,,,0.02,0.0,0.02
cosmiquement,ADV,,,0.02,0.0,0.02
diminuendo,ADV,,,0.02,0.0,0.02
dixièmement,ADV,,,0.02,0.0,0.02
drastiquement,ADV,,,0.02,0.0,0.02
débilement,ADV,,,0.02,0.0,0.02
illégitimement,ADV,,,0.02,0.0,0.02
in absentia,ADV,,,0.02,0.0,0.02
intra,ADV,,,0.02,0.0,0.02
neurologiquement,ADV,,,0.02,0.0,0.02
oisivement,ADV,,,0.02,0.0,0.02
ontologiquement,ADV,,,0.02,0.0,0.02
ostinato,ADV,,,0.02,0.0,0.02
quasi-instantanée,ADV,,,0.02,0.0,0.02
à la saint-glinglin,ADV,,,0.02,0.0,0.02
à ton encontre,ADV,,,0.02,0.0,0.02
ahou,ADV,,,0.01,0.0,0.01
alerte,ADV,,,0.01,0.0,0.01
anthropologiquement,ADV,,,0.01,0.0,0.01
anticonstitutionnellement,ADV,,,0.01,0.0,0.01
astrologiquement,ADV,,,0.01,0.0,0.01
autoritairement,ADV,,,0.01,0.0,0.01
bon-cadeaux,ADV,,,0.01,0.0,0.01
botaniquement,ADV,,,0.01,0.0,0.01
boudi,ADV,,,0.01,0.0,0.01
caf,ADV,,,0.01,0.0,0.01
classico,ADV,,,0.01,0.0,0.01
conceptuellement,ADV,,,0.01,0.0,0.01
demi-pas,ADV,,,0.01,0.0,0.01
désastreusement,ADV,,,0.01,0.0,0.01
ecsta,ADV,,,0.01,0.0,0.01
ethniquement,ADV,,,0.01,0.0,0.01
harmoniquement,ADV,,,0.01,0.0,0.01
hélico,ADV,,,0.01,0.0,0.01
il,ADV,,,0.01,0.0,0.01
illicitement,ADV,,,0.01,0.0,0.01
in vitro,ADV,,,0.01,0.0,0.01
inadéquatement,ADV,,,0.01,0.0,0.01
km,ADV,,,0.01,0.0,0.01
legato,ADV,,,0.01,0.0,0.01
linéairement,ADV,,,0.01,0.0,0.01
marginalement,ADV,,,0.01,0.0,0.01
militaro,ADV,,,0.01,0.0,0.01
mièvrement,ADV,,,0.01,0.0,0.01
mn,ADV,,,0.01,0.0,0.01
méprisamment,ADV,,,0.01,0.0,0.01
nominalement,ADV,,,0.01,0.0,0.01
octavo,ADV,,,0.01,0.0,0.01
originalement,ADV,,,0.01,0.0,0.01
paléo,ADV,,,0.01,0.0,0.01
paraboliquement,ADV,,,0.01,0.0,0.01
pas-je,ADV,,,0.01,0.0,0.01
pile-poil,ADV,,,0.01,0.0,0.01
play,ADV,,,0.01,0.0,0.01
pragmatiquement,ADV,,,0.01,0.0,0.01
privément,ADV,,,0.01,0.0,0.01
préférablement,ADV,,,0.01,0.0,0.01
quasi-débutant,ADV,,,0.01,0.0,0.01
quasi-maximum,ADV,,,0.01,0.0,0.01
quater,ADV,,,0.01,0.0,0.01
révolutionnairement,ADV,,,0.01,0.0,0.01
semestriellement,ADV,,,0.01,0.0,0.01
sexto,ADV,,,0.01,0.0,0.01
sixièmement,ADV,,,0.01,0.0,0.01
spatialement,ADV,,,0.01,0.0,0.01
sphériquement,ADV,,,0.01,0.0,0.01
stricto sensu,ADV,,,0.01,0.0,0.01
subjectivement,ADV,,,0.01,0.0,0.01
synthétiquement,ADV,,,0.01,0.0,0.01
séquentiellement,ADV,,,0.01,0.0,0.01
transitoirement,ADV,,,0.01,0.0,0.01
triplement,ADV,,,0.01,0.0,0.01
télépathiquement,ADV,,,0.01,0.0,0.01
upas,ADV,,,0.01,0.0,0.01
valeureusement,ADV,,,0.01,0.0,0.01
vélocement,ADV,,,0.01,0.0,0.01
écologiquement,ADV,,,0.01,0.0,0.01
